<?xml version="1.0" encoding="utf-8" ?>
<kml xmlns="http://www.opengis.net/kml/2.2">
<Document id="root_doc">
<Schema name="sel_trees" id="sel_trees">
	<SimpleField name="Descriptio" type="string"></SimpleField>
	<SimpleField name="treeID" type="string"></SimpleField>
	<SimpleField name="group" type="string"></SimpleField>
	<SimpleField name="id" type="string"></SimpleField>
	<SimpleField name="area_mn_3_100" type="float"></SimpleField>
	<SimpleField name="area_mn_3_500" type="float"></SimpleField>
	<SimpleField name="area_mn_3_1000" type="float"></SimpleField>
	<SimpleField name="clumpy_3_100" type="float"></SimpleField>
	<SimpleField name="clumpy_3_500" type="float"></SimpleField>
	<SimpleField name="clumpy_3_1000" type="float"></SimpleField>
	<SimpleField name="EC_PC_d10_3_100" type="float"></SimpleField>
	<SimpleField name="EC_PC_d10_3_500" type="float"></SimpleField>
	<SimpleField name="EC_PC_d10_3_1000" type="float"></SimpleField>
	<SimpleField name="EC_PC_d100_3_100" type="float"></SimpleField>
	<SimpleField name="EC_PC_d100_3_500" type="float"></SimpleField>
	<SimpleField name="EC_PC_d100_3_1000" type="float"></SimpleField>
	<SimpleField name="EC_PC_d50_3_100" type="float"></SimpleField>
	<SimpleField name="EC_PC_d50_3_500" type="float"></SimpleField>
	<SimpleField name="EC_PC_d50_3_1000" type="float"></SimpleField>
	<SimpleField name="ed_3_100" type="float"></SimpleField>
	<SimpleField name="ed_3_500" type="float"></SimpleField>
	<SimpleField name="ed_3_1000" type="float"></SimpleField>
	<SimpleField name="PCdirect_d10_3_100" type="float"></SimpleField>
	<SimpleField name="PCdirect_d10_3_500" type="float"></SimpleField>
	<SimpleField name="PCdirect_d10_3_1000" type="float"></SimpleField>
	<SimpleField name="PCdirect_d100_3_100" type="float"></SimpleField>
	<SimpleField name="PCdirect_d100_3_500" type="float"></SimpleField>
	<SimpleField name="PCdirect_d100_3_1000" type="float"></SimpleField>
	<SimpleField name="PCdirect_d50_3_100" type="float"></SimpleField>
	<SimpleField name="PCdirect_d50_3_500" type="float"></SimpleField>
	<SimpleField name="PCdirect_d50_3_1000" type="float"></SimpleField>
	<SimpleField name="PCintra_d10_3_100" type="float"></SimpleField>
	<SimpleField name="PCintra_d10_3_500" type="float"></SimpleField>
	<SimpleField name="PCintra_d10_3_1000" type="float"></SimpleField>
	<SimpleField name="PCintra_d100_3_100" type="float"></SimpleField>
	<SimpleField name="PCintra_d100_3_500" type="float"></SimpleField>
	<SimpleField name="PCintra_d100_3_1000" type="float"></SimpleField>
	<SimpleField name="PCintra_d50_3_100" type="float"></SimpleField>
	<SimpleField name="PCintra_d50_3_500" type="float"></SimpleField>
	<SimpleField name="PCintra_d50_3_1000" type="float"></SimpleField>
	<SimpleField name="PCnum_d10_3_100" type="float"></SimpleField>
	<SimpleField name="PCnum_d10_3_500" type="float"></SimpleField>
	<SimpleField name="PCnum_d10_3_1000" type="float"></SimpleField>
	<SimpleField name="PCnum_d100_3_100" type="float"></SimpleField>
	<SimpleField name="PCnum_d100_3_500" type="float"></SimpleField>
	<SimpleField name="PCnum_d100_3_1000" type="float"></SimpleField>
	<SimpleField name="PCnum_d50_3_100" type="float"></SimpleField>
	<SimpleField name="PCnum_d50_3_500" type="float"></SimpleField>
	<SimpleField name="PCnum_d50_3_1000" type="float"></SimpleField>
	<SimpleField name="PCstep_d10_3_100" type="float"></SimpleField>
	<SimpleField name="PCstep_d10_3_500" type="float"></SimpleField>
	<SimpleField name="PCstep_d10_3_1000" type="float"></SimpleField>
	<SimpleField name="PCstep_d100_3_100" type="float"></SimpleField>
	<SimpleField name="PCstep_d100_3_500" type="float"></SimpleField>
	<SimpleField name="PCstep_d100_3_1000" type="float"></SimpleField>
	<SimpleField name="PCstep_d50_3_100" type="float"></SimpleField>
	<SimpleField name="PCstep_d50_3_500" type="float"></SimpleField>
	<SimpleField name="PCstep_d50_3_1000" type="float"></SimpleField>
	<SimpleField name="pd_3_100" type="float"></SimpleField>
	<SimpleField name="pd_3_500" type="float"></SimpleField>
	<SimpleField name="pd_3_1000" type="float"></SimpleField>
	<SimpleField name="pland_3_100" type="float"></SimpleField>
	<SimpleField name="pland_3_500" type="float"></SimpleField>
	<SimpleField name="pland_3_1000" type="float"></SimpleField>
	<SimpleField name="pland_15_100" type="float"></SimpleField>
	<SimpleField name="pland_15_500" type="float"></SimpleField>
	<SimpleField name="pland_15_1000" type="float"></SimpleField>
	<SimpleField name="pland_19_100" type="float"></SimpleField>
	<SimpleField name="pland_19_500" type="float"></SimpleField>
	<SimpleField name="pland_19_1000" type="float"></SimpleField>
	<SimpleField name="pland_21_100" type="float"></SimpleField>
	<SimpleField name="pland_21_500" type="float"></SimpleField>
	<SimpleField name="pland_21_1000" type="float"></SimpleField>
	<SimpleField name="pland_23_100" type="float"></SimpleField>
	<SimpleField name="pland_23_500" type="float"></SimpleField>
	<SimpleField name="pland_23_1000" type="float"></SimpleField>
	<SimpleField name="pland_24_100" type="float"></SimpleField>
	<SimpleField name="pland_24_500" type="float"></SimpleField>
	<SimpleField name="pland_24_1000" type="float"></SimpleField>
	<SimpleField name="pland_25_100" type="float"></SimpleField>
	<SimpleField name="pland_25_500" type="float"></SimpleField>
	<SimpleField name="pland_25_1000" type="float"></SimpleField>
	<SimpleField name="pland_30_100" type="float"></SimpleField>
	<SimpleField name="pland_30_500" type="float"></SimpleField>
	<SimpleField name="pland_30_1000" type="float"></SimpleField>
	<SimpleField name="pland_33_100" type="float"></SimpleField>
	<SimpleField name="pland_33_500" type="float"></SimpleField>
	<SimpleField name="pland_33_1000" type="float"></SimpleField>
	<SimpleField name="pland_36_1000" type="float"></SimpleField>
	<SimpleField name="nearest" type="float"></SimpleField>
	<SimpleField name="mainland50" type="float"></SimpleField>
	<SimpleField name="mainland100" type="float"></SimpleField>
	<SimpleField name="mainland1000" type="float"></SimpleField>
	<SimpleField name="group.1" type="int"></SimpleField>
</Schema>
<Folder><name>sel_trees</name>
  <Placemark>
	<ExtendedData><SchemaData schemaUrl="#sel_trees">
		<SimpleData name="treeID">001987</SimpleData>
		<SimpleData name="group">tree</SimpleData>
		<SimpleData name="id">001987</SimpleData>
		<SimpleData name="area_mn_3_100">0.173450778532882</SimpleData>
		<SimpleData name="area_mn_3_500">1.01801261444952</SimpleData>
		<SimpleData name="area_mn_3_1000">1.16916665403955</SimpleData>
		<SimpleData name="clumpy_3_100">0.4745115995116</SimpleData>
		<SimpleData name="clumpy_3_500">0.42084078735183</SimpleData>
		<SimpleData name="clumpy_3_1000">0.488840289464046</SimpleData>
		<SimpleData name="EC_PC_d10_3_100">7591.10862822829</SimpleData>
		<SimpleData name="EC_PC_d10_3_500">183390.739798146</SimpleData>
		<SimpleData name="EC_PC_d10_3_1000">465016.554426915</SimpleData>
		<SimpleData name="EC_PC_d100_3_100">9034.43739175799</SimpleData>
		<SimpleData name="EC_PC_d100_3_500">205536.068136096</SimpleData>
		<SimpleData name="EC_PC_d100_3_1000">504402.658199815</SimpleData>
		<SimpleData name="EC_PC_d50_3_100">8331.20711884718</SimpleData>
		<SimpleData name="EC_PC_d50_3_500">187543.774427451</SimpleData>
		<SimpleData name="EC_PC_d50_3_1000">471491.780375783</SimpleData>
		<SimpleData name="ed_3_100">436.44092586171</SimpleData>
		<SimpleData name="ed_3_500">578.142472540371</SimpleData>
		<SimpleData name="ed_3_1000">514.081647733964</SimpleData>
		<SimpleData name="PCdirect_d10_3_100">0.379870000000005</SimpleData>
		<SimpleData name="PCdirect_d10_3_500">0.01676</SimpleData>
		<SimpleData name="PCdirect_d10_3_1000">0.01366</SimpleData>
		<SimpleData name="PCdirect_d100_3_100">29.67495</SimpleData>
		<SimpleData name="PCdirect_d100_3_500">20.127</SimpleData>
		<SimpleData name="PCdirect_d100_3_1000">14.13423</SimpleData>
		<SimpleData name="PCdirect_d50_3_100">17.30173</SimpleData>
		<SimpleData name="PCdirect_d50_3_500">3.81196</SimpleData>
		<SimpleData name="PCdirect_d50_3_1000">2.43323</SimpleData>
		<SimpleData name="PCintra_d10_3_100">99.60976</SimpleData>
		<SimpleData name="PCintra_d10_3_500">99.98293</SimpleData>
		<SimpleData name="PCintra_d10_3_1000">99.98568</SimpleData>
		<SimpleData name="PCintra_d100_3_100">70.32505</SimpleData>
		<SimpleData name="PCintra_d100_3_500">79.59844</SimpleData>
		<SimpleData name="PCintra_d100_3_1000">84.98062</SimpleData>
		<SimpleData name="PCintra_d50_3_100">82.69827</SimpleData>
		<SimpleData name="PCintra_d50_3_500">95.60384</SimpleData>
		<SimpleData name="PCintra_d50_3_1000">97.25824</SimpleData>
		<SimpleData name="PCnum_d10_3_100">57624930.2055621</SimpleData>
		<SimpleData name="PCnum_d10_3_500">33632163443.7113</SimpleData>
		<SimpleData name="PCnum_d10_3_1000">216240395891.08</SimpleData>
		<SimpleData name="PCnum_d100_3_100">81621058.9855949</SimpleData>
		<SimpleData name="PCnum_d100_3_500">42245075304.8457</SimpleData>
		<SimpleData name="PCnum_d100_3_1000">254422041599.04</SimpleData>
		<SimpleData name="PCnum_d50_3_100">69409012.0571299</SimpleData>
		<SimpleData name="PCnum_d50_3_500">35172667326.4947</SimpleData>
		<SimpleData name="PCnum_d50_3_1000">222304498961.926</SimpleData>
		<SimpleData name="PCstep_d10_3_100">0.0103700000000047</SimpleData>
		<SimpleData name="PCstep_d10_3_500">0.00031</SimpleData>
		<SimpleData name="PCstep_d10_3_1000">0.00066</SimpleData>
		<SimpleData name="PCstep_d100_3_100">0</SimpleData>
		<SimpleData name="PCstep_d100_3_500">0.274560000000005</SimpleData>
		<SimpleData name="PCstep_d100_3_1000">0.88515</SimpleData>
		<SimpleData name="PCstep_d50_3_100">0</SimpleData>
		<SimpleData name="PCstep_d50_3_500">0.5842</SimpleData>
		<SimpleData name="PCstep_d50_3_1000">0.30854</SimpleData>
		<SimpleData name="pd_3_100">193.405450020708</SimpleData>
		<SimpleData name="pd_3_500">48.4144551619099</SimpleData>
		<SimpleData name="pd_3_1000">40.7494843582347</SimpleData>
		<SimpleData name="pland_3_100">33.5463258785943</SimpleData>
		<SimpleData name="pland_3_500">49.2865260765248</SimpleData>
		<SimpleData name="pland_3_1000">47.6429382809542</SimpleData>
		<SimpleData name="pland_15_100">0</SimpleData>
		<SimpleData name="pland_15_500">0</SimpleData>
		<SimpleData name="pland_15_1000">0</SimpleData>
		<SimpleData name="pland_19_100">0</SimpleData>
		<SimpleData name="pland_19_500">0</SimpleData>
		<SimpleData name="pland_19_1000">0</SimpleData>
		<SimpleData name="pland_21_100">0</SimpleData>
		<SimpleData name="pland_21_500">0</SimpleData>
		<SimpleData name="pland_21_1000">0</SimpleData>
		<SimpleData name="pland_23_100">0</SimpleData>
		<SimpleData name="pland_23_500">0</SimpleData>
		<SimpleData name="pland_23_1000">2.25924523539063</SimpleData>
		<SimpleData name="pland_24_100">66.4536741214058</SimpleData>
		<SimpleData name="pland_24_500">50.7134739234752</SimpleData>
		<SimpleData name="pland_24_1000">46.1946232487694</SimpleData>
		<SimpleData name="pland_25_100">0</SimpleData>
		<SimpleData name="pland_25_500">0</SimpleData>
		<SimpleData name="pland_25_1000">0</SimpleData>
		<SimpleData name="pland_30_100">0</SimpleData>
		<SimpleData name="pland_30_500">0</SimpleData>
		<SimpleData name="pland_30_1000">0</SimpleData>
		<SimpleData name="pland_33_100">0</SimpleData>
		<SimpleData name="pland_33_500">0</SimpleData>
		<SimpleData name="pland_33_1000">3.90319323488578</SimpleData>
		<SimpleData name="pland_36_1000">0</SimpleData>
		<SimpleData name="nearest">7.06229447492301</SimpleData>
		<SimpleData name="mainland50">1160.30944620769</SimpleData>
		<SimpleData name="mainland100">1160.30944620769</SimpleData>
		<SimpleData name="mainland1000">2945.7217055373</SimpleData>
		<SimpleData name="group.1">1</SimpleData>
	</SchemaData></ExtendedData>
      <Point><coordinates>-48.4784591017384,-1.29566819500427</coordinates></Point>
  </Placemark>
  <Placemark>
	<ExtendedData><SchemaData schemaUrl="#sel_trees">
		<SimpleData name="treeID">006220</SimpleData>
		<SimpleData name="group">tree</SimpleData>
		<SimpleData name="id">006220</SimpleData>
		<SimpleData name="area_mn_3_100">0.966368623254093</SimpleData>
		<SimpleData name="area_mn_3_500">1.26165799743067</SimpleData>
		<SimpleData name="area_mn_3_1000">0.677921796290727</SimpleData>
		<SimpleData name="clumpy_3_100">0.471499797870907</SimpleData>
		<SimpleData name="clumpy_3_500">0.672869016142503</SimpleData>
		<SimpleData name="clumpy_3_1000">0.750541843890844</SimpleData>
		<SimpleData name="EC_PC_d10_3_100">19130.1700716124</SimpleData>
		<SimpleData name="EC_PC_d10_3_500">422326.916252648</SimpleData>
		<SimpleData name="EC_PC_d10_3_1000">1220109.78887828</SimpleData>
		<SimpleData name="EC_PC_d100_3_100">19224.7257790657</SimpleData>
		<SimpleData name="EC_PC_d100_3_500">426608.626658577</SimpleData>
		<SimpleData name="EC_PC_d100_3_1000">1225204.18748522</SimpleData>
		<SimpleData name="EC_PC_d50_3_100">19175.4453321632</SimpleData>
		<SimpleData name="EC_PC_d50_3_500">422691.423512967</SimpleData>
		<SimpleData name="EC_PC_d50_3_1000">1220873.64479498</SimpleData>
		<SimpleData name="ed_3_100">502.22797718655</SimpleData>
		<SimpleData name="ed_3_500">294.138565494253</SimpleData>
		<SimpleData name="ed_3_1000">249.639738171802</SimpleData>
		<SimpleData name="PCdirect_d10_3_100">0</SimpleData>
		<SimpleData name="PCdirect_d10_3_500">0.00113</SimpleData>
		<SimpleData name="PCdirect_d10_3_1000">0.0007</SimpleData>
		<SimpleData name="PCdirect_d100_3_100">0.98127</SimpleData>
		<SimpleData name="PCdirect_d100_3_500">1.99066</SimpleData>
		<SimpleData name="PCdirect_d100_3_1000">0.64241</SimpleData>
		<SimpleData name="PCdirect_d50_3_100">0.47166</SimpleData>
		<SimpleData name="PCdirect_d50_3_500">0.11676</SimpleData>
		<SimpleData name="PCdirect_d50_3_1000">0.12117</SimpleData>
		<SimpleData name="PCintra_d10_3_100">100</SimpleData>
		<SimpleData name="PCintra_d10_3_500">99.99885</SimpleData>
		<SimpleData name="PCintra_d10_3_1000">99.99926</SimpleData>
		<SimpleData name="PCintra_d100_3_100">99.01873</SimpleData>
		<SimpleData name="PCintra_d100_3_500">98.00162</SimpleData>
		<SimpleData name="PCintra_d100_3_1000">99.1694</SimpleData>
		<SimpleData name="PCintra_d50_3_100">99.52834</SimpleData>
		<SimpleData name="PCintra_d50_3_500">99.82646</SimpleData>
		<SimpleData name="PCintra_d50_3_1000">99.87417</SimpleData>
		<SimpleData name="PCnum_d10_3_100">365963406.968814</SimpleData>
		<SimpleData name="PCnum_d10_3_500">178360024191.471</SimpleData>
		<SimpleData name="PCnum_d10_3_1000">1488667896916.59</SimpleData>
		<SimpleData name="PCnum_d100_3_100">369590081.280273</SimpleData>
		<SimpleData name="PCnum_d100_3_500">181994920339.517</SimpleData>
		<SimpleData name="PCnum_d100_3_1000">1501125301031.32</SimpleData>
		<SimpleData name="PCnum_d50_3_100">367697703.68678</SimpleData>
		<SimpleData name="PCnum_d50_3_500">178668039511.419</SimpleData>
		<SimpleData name="PCnum_d50_3_1000">1490532456554.98</SimpleData>
		<SimpleData name="PCstep_d10_3_100">0</SimpleData>
		<SimpleData name="PCstep_d10_3_500">2e-05</SimpleData>
		<SimpleData name="PCstep_d10_3_1000">4e-05</SimpleData>
		<SimpleData name="PCstep_d100_3_100">0</SimpleData>
		<SimpleData name="PCstep_d100_3_500">0.00772</SimpleData>
		<SimpleData name="PCstep_d100_3_1000">0.1882</SimpleData>
		<SimpleData name="PCstep_d50_3_100">0</SimpleData>
		<SimpleData name="PCstep_d50_3_500">0.05678</SimpleData>
		<SimpleData name="PCstep_d50_3_1000">0.00466</SimpleData>
		<SimpleData name="pd_3_100">63.4548279418399</SimpleData>
		<SimpleData name="pd_3_500">52.1905151849157</SimpleData>
		<SimpleData name="pd_3_1000">82.4800602705136</SimpleData>
		<SimpleData name="pland_3_100">61.3207547169811</SimpleData>
		<SimpleData name="pland_3_500">65.846580873076</SimpleData>
		<SimpleData name="pland_3_1000">55.915030616754</SimpleData>
		<SimpleData name="pland_15_100">0</SimpleData>
		<SimpleData name="pland_15_500">0</SimpleData>
		<SimpleData name="pland_15_1000">0</SimpleData>
		<SimpleData name="pland_19_100">0</SimpleData>
		<SimpleData name="pland_19_500">0</SimpleData>
		<SimpleData name="pland_19_1000">0.0410327630831387</SimpleData>
		<SimpleData name="pland_21_100">0</SimpleData>
		<SimpleData name="pland_21_500">0</SimpleData>
		<SimpleData name="pland_21_1000">0.732277002714475</SimpleData>
		<SimpleData name="pland_23_100">0</SimpleData>
		<SimpleData name="pland_23_500">0</SimpleData>
		<SimpleData name="pland_23_1000">0</SimpleData>
		<SimpleData name="pland_24_100">38.6792452830189</SimpleData>
		<SimpleData name="pland_24_500">34.153419126924</SimpleData>
		<SimpleData name="pland_24_1000">41.6861309260779</SimpleData>
		<SimpleData name="pland_25_100">0</SimpleData>
		<SimpleData name="pland_25_500">0</SimpleData>
		<SimpleData name="pland_25_1000">1.62552869137049</SimpleData>
		<SimpleData name="pland_30_100">0</SimpleData>
		<SimpleData name="pland_30_500">0</SimpleData>
		<SimpleData name="pland_30_1000">0</SimpleData>
		<SimpleData name="pland_33_100">0</SimpleData>
		<SimpleData name="pland_33_500">0</SimpleData>
		<SimpleData name="pland_33_1000">0</SimpleData>
		<SimpleData name="pland_36_1000">0</SimpleData>
		<SimpleData name="nearest">6.73476846560314</SimpleData>
		<SimpleData name="mainland50">873.044315762544</SimpleData>
		<SimpleData name="mainland100">873.044315762544</SimpleData>
		<SimpleData name="mainland1000">3118.93342587216</SimpleData>
		<SimpleData name="group.1">2</SimpleData>
	</SchemaData></ExtendedData>
      <Point><coordinates>-48.4747849994107,-1.41646122734982</coordinates></Point>
  </Placemark>
  <Placemark>
	<ExtendedData><SchemaData schemaUrl="#sel_trees">
		<SimpleData name="treeID">007315</SimpleData>
		<SimpleData name="group">tree</SimpleData>
		<SimpleData name="id">007315</SimpleData>
		<SimpleData name="area_mn_3_100">0.0507962994270062</SimpleData>
		<SimpleData name="area_mn_3_500">0.0949414787752117</SimpleData>
		<SimpleData name="area_mn_3_1000">0.116341425939165</SimpleData>
		<SimpleData name="clumpy_3_100">0.48325104846844</SimpleData>
		<SimpleData name="clumpy_3_500">0.454807118634791</SimpleData>
		<SimpleData name="clumpy_3_1000">0.490572307089903</SimpleData>
		<SimpleData name="EC_PC_d10_3_100">1936.36183447978</SimpleData>
		<SimpleData name="EC_PC_d10_3_500">20766.4046871823</SimpleData>
		<SimpleData name="EC_PC_d10_3_1000">69083.0595746345</SimpleData>
		<SimpleData name="EC_PC_d100_3_100">3300.83627141236</SimpleData>
		<SimpleData name="EC_PC_d100_3_500">54990.8016079516</SimpleData>
		<SimpleData name="EC_PC_d100_3_1000">140525.565111092</SimpleData>
		<SimpleData name="EC_PC_d50_3_100">2807.21819965384</SimpleData>
		<SimpleData name="EC_PC_d50_3_500">34187.6707711297</SimpleData>
		<SimpleData name="EC_PC_d50_3_1000">91272.2319577326</SimpleData>
		<SimpleData name="ed_3_100">259.111249377605</SimpleData>
		<SimpleData name="ed_3_500">361.087218714979</SimpleData>
		<SimpleData name="ed_3_1000">357.096916578899</SimpleData>
		<SimpleData name="PCdirect_d10_3_100">3.29133</SimpleData>
		<SimpleData name="PCdirect_d10_3_500">1.95037</SimpleData>
		<SimpleData name="PCdirect_d10_3_1000">0.702880000000005</SimpleData>
		<SimpleData name="PCdirect_d100_3_100">66.72985</SimpleData>
		<SimpleData name="PCdirect_d100_3_500">85.07362</SimpleData>
		<SimpleData name="PCdirect_d100_3_1000">73.23483</SimpleData>
		<SimpleData name="PCdirect_d50_3_100">54.00078</SimpleData>
		<SimpleData name="PCdirect_d50_3_500">61.54818</SimpleData>
		<SimpleData name="PCdirect_d50_3_1000">40.64515</SimpleData>
		<SimpleData name="PCintra_d10_3_100">96.67847</SimpleData>
		<SimpleData name="PCintra_d10_3_500">97.93579</SimpleData>
		<SimpleData name="PCintra_d10_3_1000">99.25294</SimpleData>
		<SimpleData name="PCintra_d100_3_100">33.27015</SimpleData>
		<SimpleData name="PCintra_d100_3_500">13.96638</SimpleData>
		<SimpleData name="PCintra_d100_3_1000">23.98699</SimpleData>
		<SimpleData name="PCintra_d50_3_100">45.99922</SimpleData>
		<SimpleData name="PCintra_d50_3_500">36.13475</SimpleData>
		<SimpleData name="PCintra_d50_3_1000">56.8603</SimpleData>
		<SimpleData name="PCnum_d10_3_100">3749497.1540299</SimpleData>
		<SimpleData name="PCnum_d10_3_500">431243563.631827</SimpleData>
		<SimpleData name="PCnum_d10_3_1000">4772469120.19251</SimpleData>
		<SimpleData name="PCnum_d100_3_100">10895520.0906714</SimpleData>
		<SimpleData name="PCnum_d100_3_500">3023988261.48509</SimpleData>
		<SimpleData name="PCnum_d100_3_1000">19747434449.7916</SimpleData>
		<SimpleData name="PCnum_d50_3_100">7880474.02046773</SimpleData>
		<SimpleData name="PCnum_d50_3_500">1168796832.75516</SimpleData>
		<SimpleData name="PCnum_d50_3_1000">8330620326.54614</SimpleData>
		<SimpleData name="PCstep_d10_3_100">0.0302</SimpleData>
		<SimpleData name="PCstep_d10_3_500">0.11384</SimpleData>
		<SimpleData name="PCstep_d10_3_1000">0.0441800000000047</SimpleData>
		<SimpleData name="PCstep_d100_3_100">0</SimpleData>
		<SimpleData name="PCstep_d100_3_500">0.96</SimpleData>
		<SimpleData name="PCstep_d100_3_1000">2.77818</SimpleData>
		<SimpleData name="PCstep_d50_3_100">0</SimpleData>
		<SimpleData name="PCstep_d50_3_500">2.31707</SimpleData>
		<SimpleData name="PCstep_d50_3_1000">2.49455</SimpleData>
		<SimpleData name="pd_3_100">257.052678798533</SimpleData>
		<SimpleData name="pd_3_500">217.617724132456</SimpleData>
		<SimpleData name="pd_3_1000">193.308791047854</SimpleData>
		<SimpleData name="pland_3_100">13.0573248407643</SimpleData>
		<SimpleData name="pland_3_500">20.6609485368315</SimpleData>
		<SimpleData name="pland_3_1000">22.4898203970834</SimpleData>
		<SimpleData name="pland_15_100">0</SimpleData>
		<SimpleData name="pland_15_500">0</SimpleData>
		<SimpleData name="pland_15_1000">0</SimpleData>
		<SimpleData name="pland_19_100">0</SimpleData>
		<SimpleData name="pland_19_500">0</SimpleData>
		<SimpleData name="pland_19_1000">0</SimpleData>
		<SimpleData name="pland_21_100">0</SimpleData>
		<SimpleData name="pland_21_500">0</SimpleData>
		<SimpleData name="pland_21_1000">0</SimpleData>
		<SimpleData name="pland_23_100">0</SimpleData>
		<SimpleData name="pland_23_500">0</SimpleData>
		<SimpleData name="pland_23_1000">0</SimpleData>
		<SimpleData name="pland_24_100">86.9426751592357</SimpleData>
		<SimpleData name="pland_24_500">79.3390514631685</SimpleData>
		<SimpleData name="pland_24_1000">77.5101796029166</SimpleData>
		<SimpleData name="pland_25_100">0</SimpleData>
		<SimpleData name="pland_25_500">0</SimpleData>
		<SimpleData name="pland_25_1000">0</SimpleData>
		<SimpleData name="pland_30_100">0</SimpleData>
		<SimpleData name="pland_30_500">0</SimpleData>
		<SimpleData name="pland_30_1000">0</SimpleData>
		<SimpleData name="pland_33_100">0</SimpleData>
		<SimpleData name="pland_33_500">0</SimpleData>
		<SimpleData name="pland_33_1000">0</SimpleData>
		<SimpleData name="pland_36_1000">0</SimpleData>
		<SimpleData name="nearest">13.1333516611907</SimpleData>
		<SimpleData name="mainland50">670.77037696906</SimpleData>
		<SimpleData name="mainland100">882.624593325029</SimpleData>
		<SimpleData name="mainland1000">882.624593325029</SimpleData>
		<SimpleData name="group.1">3</SimpleData>
	</SchemaData></ExtendedData>
      <Point><coordinates>-48.5532266925079,-1.22246348534079</coordinates></Point>
  </Placemark>
  <Placemark>
	<ExtendedData><SchemaData schemaUrl="#sel_trees">
		<SimpleData name="treeID">002710</SimpleData>
		<SimpleData name="group">tree</SimpleData>
		<SimpleData name="id">002710</SimpleData>
		<SimpleData name="area_mn_3_100">0.931678467539235</SimpleData>
		<SimpleData name="area_mn_3_500">4.37553414502413</SimpleData>
		<SimpleData name="area_mn_3_1000">7.91596314975535</SimpleData>
		<SimpleData name="clumpy_3_100">0.428027265437049</SimpleData>
		<SimpleData name="clumpy_3_500">0.67136953193372</SimpleData>
		<SimpleData name="clumpy_3_1000">0.772846540713369</SimpleData>
		<SimpleData name="EC_PC_d10_3_100">14123.7621660131</SimpleData>
		<SimpleData name="EC_PC_d10_3_500">549148.197082564</SimpleData>
		<SimpleData name="EC_PC_d10_3_1000">2254566.57444471</SimpleData>
		<SimpleData name="EC_PC_d100_3_100">16531.1231680478</SimpleData>
		<SimpleData name="EC_PC_d100_3_500">550370.198896624</SimpleData>
		<SimpleData name="EC_PC_d100_3_1000">2255699.15592375</SimpleData>
		<SimpleData name="EC_PC_d50_3_100">15378.0997033726</SimpleData>
		<SimpleData name="EC_PC_d50_3_500">549313.43584189</SimpleData>
		<SimpleData name="EC_PC_d50_3_1000">2254725.59571567</SimpleData>
		<SimpleData name="ed_3_100">554.510384908644</SimpleData>
		<SimpleData name="ed_3_500">263.316296508846</SimpleData>
		<SimpleData name="ed_3_1000">164.757401415137</SimpleData>
		<SimpleData name="PCdirect_d10_3_100">0</SimpleData>
		<SimpleData name="PCdirect_d10_3_500">0.000103333333334391</SimpleData>
		<SimpleData name="PCdirect_d10_3_1000">2e-05</SimpleData>
		<SimpleData name="PCdirect_d100_3_100">27.0045</SimpleData>
		<SimpleData name="PCdirect_d100_3_500">0.44346</SimpleData>
		<SimpleData name="PCdirect_d100_3_1000">0.08336</SimpleData>
		<SimpleData name="PCdirect_d50_3_100">15.64799</SimpleData>
		<SimpleData name="PCdirect_d50_3_500">0.05152</SimpleData>
		<SimpleData name="PCdirect_d50_3_1000">0.0133</SimpleData>
		<SimpleData name="PCintra_d10_3_100">100</SimpleData>
		<SimpleData name="PCintra_d10_3_500">99.9998933333333</SimpleData>
		<SimpleData name="PCintra_d10_3_1000">99.99998</SimpleData>
		<SimpleData name="PCintra_d100_3_100">72.9955</SimpleData>
		<SimpleData name="PCintra_d100_3_500">99.55632</SimpleData>
		<SimpleData name="PCintra_d100_3_1000">99.89959</SimpleData>
		<SimpleData name="PCintra_d50_3_100">84.35201</SimpleData>
		<SimpleData name="PCintra_d50_3_500">99.93974</SimpleData>
		<SimpleData name="PCintra_d50_3_1000">99.98588</SimpleData>
		<SimpleData name="PCnum_d10_3_100">199480657.722103</SimpleData>
		<SimpleData name="PCnum_d10_3_500">301563742359.031</SimpleData>
		<SimpleData name="PCnum_d10_3_1000">5083070438603.34</SimpleData>
		<SimpleData name="PCnum_d100_3_100">273278033.197168</SimpleData>
		<SimpleData name="PCnum_d100_3_500">302907355833.509</SimpleData>
		<SimpleData name="PCnum_d100_3_1000">5088178682035.12</SimpleData>
		<SimpleData name="PCnum_d50_3_100">236485950.486868</SimpleData>
		<SimpleData name="PCnum_d50_3_500">301745250796.422</SimpleData>
		<SimpleData name="PCnum_d50_3_1000">5083787511975.38</SimpleData>
		<SimpleData name="PCstep_d10_3_100">0</SimpleData>
		<SimpleData name="PCstep_d10_3_500">3.33333333439138e-06</SimpleData>
		<SimpleData name="PCstep_d10_3_1000">0</SimpleData>
		<SimpleData name="PCstep_d100_3_100">0</SimpleData>
		<SimpleData name="PCstep_d100_3_500">0.00022</SimpleData>
		<SimpleData name="PCstep_d100_3_1000">0.01705</SimpleData>
		<SimpleData name="PCstep_d50_3_100">0</SimpleData>
		<SimpleData name="PCstep_d50_3_500">0.00874</SimpleData>
		<SimpleData name="PCstep_d50_3_1000">0.00082</SimpleData>
		<SimpleData name="pd_3_100">63.6550009012141</SimpleData>
		<SimpleData name="pd_3_500">16.5544780205303</SimpleData>
		<SimpleData name="pd_3_1000">9.55126315191932</SimpleData>
		<SimpleData name="pland_3_100">59.3059936908517</SimpleData>
		<SimpleData name="pland_3_500">72.4346838318819</SimpleData>
		<SimpleData name="pland_3_1000">75.6074471442095</SimpleData>
		<SimpleData name="pland_15_100">0</SimpleData>
		<SimpleData name="pland_15_500">0</SimpleData>
		<SimpleData name="pland_15_1000">1.42947301988009</SimpleData>
		<SimpleData name="pland_19_100">0</SimpleData>
		<SimpleData name="pland_19_500">1.67865707434053</SimpleData>
		<SimpleData name="pland_19_1000">2.97570211423162</SimpleData>
		<SimpleData name="pland_21_100">0</SimpleData>
		<SimpleData name="pland_21_500">4.21557490849426</SimpleData>
		<SimpleData name="pland_21_1000">5.45282423477438</SimpleData>
		<SimpleData name="pland_23_100">0</SimpleData>
		<SimpleData name="pland_23_500">0</SimpleData>
		<SimpleData name="pland_23_1000">0.514357841590407</SimpleData>
		<SimpleData name="pland_24_100">40.6940063091483</SimpleData>
		<SimpleData name="pland_24_500">19.7904834027515</SimpleData>
		<SimpleData name="pland_24_1000">9.87693278636794</SimpleData>
		<SimpleData name="pland_25_100">0</SimpleData>
		<SimpleData name="pland_25_500">1.88060078253187</SimpleData>
		<SimpleData name="pland_25_1000">4.14326285894604</SimpleData>
		<SimpleData name="pland_30_100">0</SimpleData>
		<SimpleData name="pland_30_500">0</SimpleData>
		<SimpleData name="pland_30_1000">0</SimpleData>
		<SimpleData name="pland_33_100">0</SimpleData>
		<SimpleData name="pland_33_500">0</SimpleData>
		<SimpleData name="pland_33_1000">0</SimpleData>
		<SimpleData name="pland_36_1000">0</SimpleData>
		<SimpleData name="nearest">7.02565447414092</SimpleData>
		<SimpleData name="mainland50">748.316237711544</SimpleData>
		<SimpleData name="mainland100">748.316237711544</SimpleData>
		<SimpleData name="mainland1000">3837.26672944006</SimpleData>
		<SimpleData name="group.1">4</SimpleData>
	</SchemaData></ExtendedData>
      <Point><coordinates>-48.3814054428289,-1.39020620125394</coordinates></Point>
  </Placemark>
  <Placemark>
	<ExtendedData><SchemaData schemaUrl="#sel_trees">
		<SimpleData name="treeID">009887</SimpleData>
		<SimpleData name="group">tree</SimpleData>
		<SimpleData name="id">009887</SimpleData>
		<SimpleData name="area_mn_3_100">0.381591712768942</SimpleData>
		<SimpleData name="area_mn_3_500">0.996686070251426</SimpleData>
		<SimpleData name="area_mn_3_1000">1.94855105744281</SimpleData>
		<SimpleData name="clumpy_3_100">0.492210591817232</SimpleData>
		<SimpleData name="clumpy_3_500">0.748736958970888</SimpleData>
		<SimpleData name="clumpy_3_1000">0.800849473562518</SimpleData>
		<SimpleData name="EC_PC_d10_3_100">9952.96851586538</SimpleData>
		<SimpleData name="EC_PC_d10_3_500">154653.104799662</SimpleData>
		<SimpleData name="EC_PC_d10_3_1000">933811.656098128</SimpleData>
		<SimpleData name="EC_PC_d100_3_100">12875.2568551898</SimpleData>
		<SimpleData name="EC_PC_d100_3_500">172275.033035318</SimpleData>
		<SimpleData name="EC_PC_d100_3_1000">942552.230177834</SimpleData>
		<SimpleData name="EC_PC_d50_3_100">11533.9402683097</SimpleData>
		<SimpleData name="EC_PC_d50_3_500">157807.485591515</SimpleData>
		<SimpleData name="EC_PC_d50_3_1000">934849.193167853</SimpleData>
		<SimpleData name="ed_3_100">510.250788325704</SimpleData>
		<SimpleData name="ed_3_500">246.962034472432</SimpleData>
		<SimpleData name="ed_3_1000">197.911267892438</SimpleData>
		<SimpleData name="PCdirect_d10_3_100">0.38765</SimpleData>
		<SimpleData name="PCdirect_d10_3_500">0.00805</SimpleData>
		<SimpleData name="PCdirect_d10_3_1000">0.000703333333334391</SimpleData>
		<SimpleData name="PCdirect_d100_3_100">40.47885</SimpleData>
		<SimpleData name="PCdirect_d100_3_500">18.80178</SimpleData>
		<SimpleData name="PCdirect_d100_3_1000">1.57023</SimpleData>
		<SimpleData name="PCdirect_d50_3_100">25.8301</SimpleData>
		<SimpleData name="PCdirect_d50_3_500">3.53301</SimpleData>
		<SimpleData name="PCdirect_d50_3_1000">0.20028</SimpleData>
		<SimpleData name="PCintra_d10_3_100">99.60425</SimpleData>
		<SimpleData name="PCintra_d10_3_500">99.99165</SimpleData>
		<SimpleData name="PCintra_d10_3_1000">99.9992533333333</SimpleData>
		<SimpleData name="PCintra_d100_3_100">59.52115</SimpleData>
		<SimpleData name="PCintra_d100_3_500">80.58168</SimpleData>
		<SimpleData name="PCintra_d100_3_1000">98.15321</SimpleData>
		<SimpleData name="PCintra_d50_3_100">74.1699</SimpleData>
		<SimpleData name="PCintra_d50_3_500">96.03418</SimpleData>
		<SimpleData name="PCintra_d50_3_1000">99.77741</SimpleData>
		<SimpleData name="PCnum_d10_3_100">99061582.2778076</SimpleData>
		<SimpleData name="PCnum_d10_3_500">23917582824.1752</SimpleData>
		<SimpleData name="PCnum_d10_3_1000">872004209064.729</SimpleData>
		<SimpleData name="PCnum_d100_3_100">165772239.087113</SimpleData>
		<SimpleData name="PCnum_d100_3_500">29678687007.32</SimpleData>
		<SimpleData name="PCnum_d100_3_1000">888404706613.209</SimpleData>
		<SimpleData name="PCnum_d50_3_100">133031778.112936</SimpleData>
		<SimpleData name="PCnum_d50_3_500">24903202508.7163</SimpleData>
		<SimpleData name="PCnum_d50_3_1000">873943013966.587</SimpleData>
		<SimpleData name="PCstep_d10_3_100">0.00811</SimpleData>
		<SimpleData name="PCstep_d10_3_500">0.0003</SimpleData>
		<SimpleData name="PCstep_d10_3_1000">4.33333333343914e-05</SimpleData>
		<SimpleData name="PCstep_d100_3_100">0</SimpleData>
		<SimpleData name="PCstep_d100_3_500">0.61654</SimpleData>
		<SimpleData name="PCstep_d100_3_1000">0.27656</SimpleData>
		<SimpleData name="PCstep_d50_3_100">0</SimpleData>
		<SimpleData name="PCstep_d50_3_500">0.43281</SimpleData>
		<SimpleData name="PCstep_d50_3_1000">0.02231</SimpleData>
		<SimpleData name="pd_3_100">128.936966681621</SimpleData>
		<SimpleData name="pd_3_500">43.2963271306195</SimpleData>
		<SimpleData name="pd_3_1000">28.3398854414133</SimpleData>
		<SimpleData name="pland_3_100">49.2012779552716</SimpleData>
		<SimpleData name="pland_3_500">43.1528461441373</SimpleData>
		<SimpleData name="pland_3_1000">55.2217137446741</SimpleData>
		<SimpleData name="pland_15_100">0</SimpleData>
		<SimpleData name="pland_15_500">8.00201943708191</SimpleData>
		<SimpleData name="pland_15_1000">3.2286570932618</SimpleData>
		<SimpleData name="pland_19_100">0</SimpleData>
		<SimpleData name="pland_19_500">0</SimpleData>
		<SimpleData name="pland_19_1000">0</SimpleData>
		<SimpleData name="pland_21_100">0</SimpleData>
		<SimpleData name="pland_21_500">1.08544743152846</SimpleData>
		<SimpleData name="pland_21_1000">2.19977907527221</SimpleData>
		<SimpleData name="pland_23_100">0</SimpleData>
		<SimpleData name="pland_23_500">0</SimpleData>
		<SimpleData name="pland_23_1000">0</SimpleData>
		<SimpleData name="pland_24_100">50.7987220447284</SimpleData>
		<SimpleData name="pland_24_500">47.7596869872523</SimpleData>
		<SimpleData name="pland_24_1000">37.5414233864605</SimpleData>
		<SimpleData name="pland_25_100">0</SimpleData>
		<SimpleData name="pland_25_500">0</SimpleData>
		<SimpleData name="pland_25_1000">0.867918573457472</SimpleData>
		<SimpleData name="pland_30_100">0</SimpleData>
		<SimpleData name="pland_30_500">0</SimpleData>
		<SimpleData name="pland_30_1000">0</SimpleData>
		<SimpleData name="pland_33_100">0</SimpleData>
		<SimpleData name="pland_33_500">0</SimpleData>
		<SimpleData name="pland_33_1000">0.940508126873915</SimpleData>
		<SimpleData name="pland_36_1000">0</SimpleData>
		<SimpleData name="nearest">20.2296676300064</SimpleData>
		<SimpleData name="mainland50">1492.92378987164</SimpleData>
		<SimpleData name="mainland100">1492.92378987164</SimpleData>
		<SimpleData name="mainland1000">4551.90835384782</SimpleData>
		<SimpleData name="group.1">5</SimpleData>
	</SchemaData></ExtendedData>
      <Point><coordinates>-48.4357148295764,-1.3312051986332</coordinates></Point>
  </Placemark>
  <Placemark>
	<ExtendedData><SchemaData schemaUrl="#sel_trees">
		<SimpleData name="treeID">000085</SimpleData>
		<SimpleData name="group">tree</SimpleData>
		<SimpleData name="id">000085</SimpleData>
		<SimpleData name="area_mn_3_100">2.01202903096239</SimpleData>
		<SimpleData name="area_mn_3_500">0.37134985727548</SimpleData>
		<SimpleData name="area_mn_3_1000">0.266289903063698</SimpleData>
		<SimpleData name="clumpy_3_100">0.45418586253432</SimpleData>
		<SimpleData name="clumpy_3_500">0.501032716436815</SimpleData>
		<SimpleData name="clumpy_3_1000">0.538431460001007</SimpleData>
		<SimpleData name="EC_PC_d10_3_100">20021.4209110642</SimpleData>
		<SimpleData name="EC_PC_d10_3_500">158236.069153893</SimpleData>
		<SimpleData name="EC_PC_d10_3_1000">199515.970740083</SimpleData>
		<SimpleData name="EC_PC_d100_3_100">20062.8672477019</SimpleData>
		<SimpleData name="EC_PC_d100_3_500">186886.866224848</SimpleData>
		<SimpleData name="EC_PC_d100_3_1000">267332.193720398</SimpleData>
		<SimpleData name="EC_PC_d50_3_100">20038.7809119746</SimpleData>
		<SimpleData name="EC_PC_d50_3_500">165334.877521303</SimpleData>
		<SimpleData name="EC_PC_d50_3_1000">215319.276998212</SimpleData>
		<SimpleData name="ed_3_100">510.14955411594</SimpleData>
		<SimpleData name="ed_3_500">496.711775443907</SimpleData>
		<SimpleData name="ed_3_1000">416.398991440152</SimpleData>
		<SimpleData name="PCdirect_d10_3_100">0</SimpleData>
		<SimpleData name="PCdirect_d10_3_500">0.01778</SimpleData>
		<SimpleData name="PCdirect_d10_3_1000">0.05993</SimpleData>
		<SimpleData name="PCdirect_d100_3_100">0.41274</SimpleData>
		<SimpleData name="PCdirect_d100_3_500">28.2077</SimpleData>
		<SimpleData name="PCdirect_d100_3_1000">42.35915</SimpleData>
		<SimpleData name="PCdirect_d50_3_100">0.17319</SimpleData>
		<SimpleData name="PCdirect_d50_3_500">7.79954</SimpleData>
		<SimpleData name="PCdirect_d50_3_1000">12.93849</SimpleData>
		<SimpleData name="PCintra_d10_3_100">100</SimpleData>
		<SimpleData name="PCintra_d10_3_500">99.98113</SimpleData>
		<SimpleData name="PCintra_d10_3_1000">99.93649</SimpleData>
		<SimpleData name="PCintra_d100_3_100">99.58726</SimpleData>
		<SimpleData name="PCintra_d100_3_500">71.67562</SimpleData>
		<SimpleData name="PCintra_d100_3_1000">55.66432</SimpleData>
		<SimpleData name="PCintra_d50_3_100">99.82681</SimpleData>
		<SimpleData name="PCintra_d50_3_500">91.57988</SimpleData>
		<SimpleData name="PCintra_d50_3_1000">85.8052</SimpleData>
		<SimpleData name="PCnum_d10_3_100">400857295.297998</SimpleData>
		<SimpleData name="PCnum_d10_3_500">25038653581.2757</SimpleData>
		<SimpleData name="PCnum_d10_3_1000">39806622580.3576</SimpleData>
		<SimpleData name="PCnum_d100_3_100">402518642.198911</SimpleData>
		<SimpleData name="PCnum_d100_3_500">34926700767.3443</SimpleData>
		<SimpleData name="PCnum_d100_3_1000">71466501799.3602</SimpleData>
		<SimpleData name="PCnum_d50_3_100">401552740.438116</SimpleData>
		<SimpleData name="PCnum_d50_3_500">27335621724.9844</SimpleData>
		<SimpleData name="PCnum_d50_3_1000">46362391047.0325</SimpleData>
		<SimpleData name="PCstep_d10_3_100">0</SimpleData>
		<SimpleData name="PCstep_d10_3_500">0.00109</SimpleData>
		<SimpleData name="PCstep_d10_3_1000">0.00358</SimpleData>
		<SimpleData name="PCstep_d100_3_100">0</SimpleData>
		<SimpleData name="PCstep_d100_3_500">0.11668</SimpleData>
		<SimpleData name="PCstep_d100_3_1000">1.97654</SimpleData>
		<SimpleData name="PCstep_d50_3_100">0</SimpleData>
		<SimpleData name="PCstep_d50_3_500">0.62058</SimpleData>
		<SimpleData name="PCstep_d50_3_1000">1.25631</SimpleData>
		<SimpleData name="pd_3_100">31.827500450607</SimpleData>
		<SimpleData name="pd_3_500">114.636862498855</SimpleData>
		<SimpleData name="pd_3_1000">126.753422406642</SimpleData>
		<SimpleData name="pland_3_100">64.0378548895899</SimpleData>
		<SimpleData name="pland_3_500">42.5703825274586</SimpleData>
		<SimpleData name="pland_3_1000">33.7531565656566</SimpleData>
		<SimpleData name="pland_15_100">0</SimpleData>
		<SimpleData name="pland_15_500">0</SimpleData>
		<SimpleData name="pland_15_1000">0</SimpleData>
		<SimpleData name="pland_19_100">0</SimpleData>
		<SimpleData name="pland_19_500">0</SimpleData>
		<SimpleData name="pland_19_1000">0.160984848484848</SimpleData>
		<SimpleData name="pland_21_100">0</SimpleData>
		<SimpleData name="pland_21_500">0</SimpleData>
		<SimpleData name="pland_21_1000">0</SimpleData>
		<SimpleData name="pland_23_100">0</SimpleData>
		<SimpleData name="pland_23_500">0</SimpleData>
		<SimpleData name="pland_23_1000">0</SimpleData>
		<SimpleData name="pland_24_100">35.9621451104101</SimpleData>
		<SimpleData name="pland_24_500">57.4296174725413</SimpleData>
		<SimpleData name="pland_24_1000">62.3358585858586</SimpleData>
		<SimpleData name="pland_25_100">0</SimpleData>
		<SimpleData name="pland_25_500">0</SimpleData>
		<SimpleData name="pland_25_1000">3.67424242424242</SimpleData>
		<SimpleData name="pland_30_100">0</SimpleData>
		<SimpleData name="pland_30_500">0</SimpleData>
		<SimpleData name="pland_30_1000">0</SimpleData>
		<SimpleData name="pland_33_100">0</SimpleData>
		<SimpleData name="pland_33_500">0</SimpleData>
		<SimpleData name="pland_33_1000">0.0757575757575758</SimpleData>
		<SimpleData name="pland_36_1000">0</SimpleData>
		<SimpleData name="nearest">8.03167542212958</SimpleData>
		<SimpleData name="mainland50">514.757215700945</SimpleData>
		<SimpleData name="mainland100">514.757215700945</SimpleData>
		<SimpleData name="mainland1000">3971.95281818886</SimpleData>
		<SimpleData name="group.1">6</SimpleData>
	</SchemaData></ExtendedData>
      <Point><coordinates>-48.4118843469245,-1.40731623980492</coordinates></Point>
  </Placemark>
  <Placemark>
	<ExtendedData><SchemaData schemaUrl="#sel_trees">
		<SimpleData name="treeID">005877</SimpleData>
		<SimpleData name="group">tree</SimpleData>
		<SimpleData name="id">005877</SimpleData>
		<SimpleData name="area_mn_3_100">0.0619467066179333</SimpleData>
		<SimpleData name="area_mn_3_500">0.816752577547042</SimpleData>
		<SimpleData name="area_mn_3_1000">0.333686259651315</SimpleData>
		<SimpleData name="clumpy_3_100">0.566101694915254</SimpleData>
		<SimpleData name="clumpy_3_500">0.830217703935797</SimpleData>
		<SimpleData name="clumpy_3_1000">0.67906076040853</SimpleData>
		<SimpleData name="EC_PC_d10_3_100">1457.15623028934</SimpleData>
		<SimpleData name="EC_PC_d10_3_500">251479.713517594</SimpleData>
		<SimpleData name="EC_PC_d10_3_1000">576070.156570618</SimpleData>
		<SimpleData name="EC_PC_d100_3_100">2148.88197876441</SimpleData>
		<SimpleData name="EC_PC_d100_3_500">255211.3687654</SimpleData>
		<SimpleData name="EC_PC_d100_3_1000">591268.621249622</SimpleData>
		<SimpleData name="EC_PC_d50_3_100">1922.6400999193</SimpleData>
		<SimpleData name="EC_PC_d50_3_500">251923.247557231</SimpleData>
		<SimpleData name="EC_PC_d50_3_1000">579202.145367548</SimpleData>
		<SimpleData name="ed_3_100">138.112693727331</SimpleData>
		<SimpleData name="ed_3_500">176.039980884621</SimpleData>
		<SimpleData name="ed_3_1000">299.084216105667</SimpleData>
		<SimpleData name="PCdirect_d10_3_100">5.05236</SimpleData>
		<SimpleData name="PCdirect_d10_3_500">0.00328</SimpleData>
		<SimpleData name="PCdirect_d10_3_1000">0.00711</SimpleData>
		<SimpleData name="PCdirect_d100_3_100">56.38809</SimpleData>
		<SimpleData name="PCdirect_d100_3_500">2.80905</SimpleData>
		<SimpleData name="PCdirect_d100_3_1000">4.63248333333333</SimpleData>
		<SimpleData name="PCdirect_d50_3_100">45.52035</SimpleData>
		<SimpleData name="PCdirect_d50_3_500">0.32646</SimpleData>
		<SimpleData name="PCdirect_d50_3_1000">1.02556</SimpleData>
		<SimpleData name="PCintra_d10_3_100">94.84579</SimpleData>
		<SimpleData name="PCintra_d10_3_500">99.99654</SimpleData>
		<SimpleData name="PCintra_d10_3_1000">99.99244</SimpleData>
		<SimpleData name="PCintra_d100_3_100">43.61191</SimpleData>
		<SimpleData name="PCintra_d100_3_500">97.09366</SimpleData>
		<SimpleData name="PCintra_d100_3_1000">94.9179333333333</SimpleData>
		<SimpleData name="PCintra_d50_3_100">54.47965</SimpleData>
		<SimpleData name="PCintra_d50_3_500">99.64474</SimpleData>
		<SimpleData name="PCintra_d50_3_1000">98.91397</SimpleData>
		<SimpleData name="PCnum_d10_3_100">2123304.27947104</SimpleData>
		<SimpleData name="PCnum_d10_3_500">63242046310.8914</SimpleData>
		<SimpleData name="PCnum_d10_3_1000">331856825291.297</SimpleData>
		<SimpleData name="PCnum_d100_3_100">4617693.75865843</SimpleData>
		<SimpleData name="PCnum_d100_3_500">65132842747.1091</SimpleData>
		<SimpleData name="PCnum_d100_3_1000">349598582474.429</SimpleData>
		<SimpleData name="PCnum_d50_3_100">3696544.95381769</SimpleData>
		<SimpleData name="PCnum_d50_3_500">63465322659.7817</SimpleData>
		<SimpleData name="PCnum_d50_3_1000">335475125198.37</SimpleData>
		<SimpleData name="PCstep_d10_3_100">0.101850000000005</SimpleData>
		<SimpleData name="PCstep_d10_3_500">0.00018</SimpleData>
		<SimpleData name="PCstep_d10_3_1000">0.00045</SimpleData>
		<SimpleData name="PCstep_d100_3_100">0</SimpleData>
		<SimpleData name="PCstep_d100_3_500">0.0973</SimpleData>
		<SimpleData name="PCstep_d100_3_1000">0.449583333333334</SimpleData>
		<SimpleData name="PCstep_d50_3_100">0</SimpleData>
		<SimpleData name="PCstep_d50_3_500">0.0288</SimpleData>
		<SimpleData name="PCstep_d50_3_1000">0.06047</SimpleData>
		<SimpleData name="pd_3_100">126.116470536277</SimpleData>
		<SimpleData name="pd_3_500">53.5445212280848</SimpleData>
		<SimpleData name="pd_3_1000">108.031543932913</SimpleData>
		<SimpleData name="pland_3_100">7.8125</SimpleData>
		<SimpleData name="pland_3_500">43.7326257265605</SimpleData>
		<SimpleData name="pland_3_1000">36.0486418193304</SimpleData>
		<SimpleData name="pland_15_100">0</SimpleData>
		<SimpleData name="pland_15_500">0</SimpleData>
		<SimpleData name="pland_15_1000">0.113708149084018</SimpleData>
		<SimpleData name="pland_19_100">10</SimpleData>
		<SimpleData name="pland_19_500">3.15895880717716</SimpleData>
		<SimpleData name="pland_19_1000">0.789639924194567</SimpleData>
		<SimpleData name="pland_21_100">0</SimpleData>
		<SimpleData name="pland_21_500">0</SimpleData>
		<SimpleData name="pland_21_1000">0</SimpleData>
		<SimpleData name="pland_23_100">0</SimpleData>
		<SimpleData name="pland_23_500">0</SimpleData>
		<SimpleData name="pland_23_1000">0</SimpleData>
		<SimpleData name="pland_24_100">82.1875</SimpleData>
		<SimpleData name="pland_24_500">51.4910285569876</SimpleData>
		<SimpleData name="pland_24_1000">62.6437144662034</SimpleData>
		<SimpleData name="pland_25_100">0</SimpleData>
		<SimpleData name="pland_25_500">1.59211523881729</SimpleData>
		<SimpleData name="pland_25_1000">0.397978521794062</SimpleData>
		<SimpleData name="pland_30_100">0</SimpleData>
		<SimpleData name="pland_30_500">0</SimpleData>
		<SimpleData name="pland_30_1000">0</SimpleData>
		<SimpleData name="pland_33_100">0</SimpleData>
		<SimpleData name="pland_33_500">0.0252716704574172</SimpleData>
		<SimpleData name="pland_33_1000">0.00631711939355654</SimpleData>
		<SimpleData name="pland_36_1000">0</SimpleData>
		<SimpleData name="nearest">20.3920793550011</SimpleData>
		<SimpleData name="mainland50">254.316381507956</SimpleData>
		<SimpleData name="mainland100">254.316381507956</SimpleData>
		<SimpleData name="mainland1000">2388.68809887077</SimpleData>
		<SimpleData name="group.1">7</SimpleData>
	</SchemaData></ExtendedData>
      <Point><coordinates>-48.3906478688604,-1.4085409669644</coordinates></Point>
  </Placemark>
  <Placemark>
	<ExtendedData><SchemaData schemaUrl="#sel_trees">
		<SimpleData name="treeID">007659</SimpleData>
		<SimpleData name="group">tree</SimpleData>
		<SimpleData name="id">007659</SimpleData>
		<SimpleData name="area_mn_3_100">0.128849149767284</SimpleData>
		<SimpleData name="area_mn_3_500">0.640238983127065</SimpleData>
		<SimpleData name="area_mn_3_1000">2.48820451521325</SimpleData>
		<SimpleData name="clumpy_3_100">0.596691480562448</SimpleData>
		<SimpleData name="clumpy_3_500">0.845433569568314</SimpleData>
		<SimpleData name="clumpy_3_1000">0.897851625216292</SimpleData>
		<SimpleData name="EC_PC_d10_3_100">2477.25998549568</SimpleData>
		<SimpleData name="EC_PC_d10_3_500">216986.476102057</SimpleData>
		<SimpleData name="EC_PC_d10_3_1000">1200076.43846692</SimpleData>
		<SimpleData name="EC_PC_d100_3_100">3319.99006994073</SimpleData>
		<SimpleData name="EC_PC_d100_3_500">220722.356086554</SimpleData>
		<SimpleData name="EC_PC_d100_3_1000">1202436.97048566</SimpleData>
		<SimpleData name="EC_PC_d50_3_100">2987.86689915732</SimpleData>
		<SimpleData name="EC_PC_d50_3_500">217522.902326487</SimpleData>
		<SimpleData name="EC_PC_d50_3_1000">1200172.36327621</SimpleData>
		<SimpleData name="ed_3_100">208.471990530238</SimpleData>
		<SimpleData name="ed_3_500">144.146281476943</SimpleData>
		<SimpleData name="ed_3_1000">103.561637357509</SimpleData>
		<SimpleData name="PCdirect_d10_3_100">0.91136</SimpleData>
		<SimpleData name="PCdirect_d10_3_500">0.0049</SimpleData>
		<SimpleData name="PCdirect_d10_3_1000">0.000233333333329654</SimpleData>
		<SimpleData name="PCdirect_d100_3_100">44.83121</SimpleData>
		<SimpleData name="PCdirect_d100_3_500">3.06801</SimpleData>
		<SimpleData name="PCdirect_d100_3_1000">0.33333</SimpleData>
		<SimpleData name="PCdirect_d50_3_100">31.88472</SimpleData>
		<SimpleData name="PCdirect_d50_3_500">0.433073333333334</SimpleData>
		<SimpleData name="PCdirect_d50_3_1000">0.01408</SimpleData>
		<SimpleData name="PCintra_d10_3_100">99.08864</SimpleData>
		<SimpleData name="PCintra_d10_3_500">99.99496</SimpleData>
		<SimpleData name="PCintra_d10_3_1000">99.9997533333333</SimpleData>
		<SimpleData name="PCintra_d100_3_100">55.16879</SimpleData>
		<SimpleData name="PCintra_d100_3_500">96.63863</SimpleData>
		<SimpleData name="PCintra_d100_3_1000">99.60752</SimpleData>
		<SimpleData name="PCintra_d50_3_100">68.11528</SimpleData>
		<SimpleData name="PCintra_d50_3_500">99.5023733333333</SimpleData>
		<SimpleData name="PCintra_d50_3_1000">99.98377</SimpleData>
		<SimpleData name="PCnum_d10_3_100">6136817.03573804</SimpleData>
		<SimpleData name="PCnum_d10_3_500">47083130811.1884</SimpleData>
		<SimpleData name="PCnum_d10_3_1000">1440183458163.45</SimpleData>
		<SimpleData name="PCnum_d100_3_100">11022334.0645051</SimpleData>
		<SimpleData name="PCnum_d100_3_500">48718358476.3995</SimpleData>
		<SimpleData name="PCnum_d100_3_1000">1445854667990.73</SimpleData>
		<SimpleData name="PCnum_d50_3_100">8927348.60708</SimpleData>
		<SimpleData name="PCnum_d50_3_500">47316213036.5383</SimpleData>
		<SimpleData name="PCnum_d50_3_1000">1440413701572.01</SimpleData>
		<SimpleData name="PCstep_d10_3_100">0</SimpleData>
		<SimpleData name="PCstep_d10_3_500">0.00014</SimpleData>
		<SimpleData name="PCstep_d10_3_1000">1.33333333296544e-05</SimpleData>
		<SimpleData name="PCstep_d100_3_100">0</SimpleData>
		<SimpleData name="PCstep_d100_3_500">0.29336</SimpleData>
		<SimpleData name="PCstep_d100_3_1000">0.05915</SimpleData>
		<SimpleData name="PCstep_d50_3_100">0</SimpleData>
		<SimpleData name="PCstep_d50_3_500">0.0645533333333344</SimpleData>
		<SimpleData name="PCstep_d50_3_1000">0.00215</SimpleData>
		<SimpleData name="pd_3_100">95.1822419127068</SimpleData>
		<SimpleData name="pd_3_500">59.9037303199275</SimpleData>
		<SimpleData name="pd_3_1000">22.2883906648597</SimpleData>
		<SimpleData name="pland_3_100">12.2641509433962</SimpleData>
		<SimpleData name="pland_3_500">38.3527033855483</SimpleData>
		<SimpleData name="pland_3_1000">55.4580742891407</SimpleData>
		<SimpleData name="pland_15_100">0</SimpleData>
		<SimpleData name="pland_15_500">0</SimpleData>
		<SimpleData name="pland_15_1000">0.725849717549784</SimpleData>
		<SimpleData name="pland_19_100">0</SimpleData>
		<SimpleData name="pland_19_500">0</SimpleData>
		<SimpleData name="pland_19_1000">0.0883643134408433</SimpleData>
		<SimpleData name="pland_21_100">0</SimpleData>
		<SimpleData name="pland_21_500">6.10156644770086</SimpleData>
		<SimpleData name="pland_21_1000">3.92590021144318</SimpleData>
		<SimpleData name="pland_23_100">0</SimpleData>
		<SimpleData name="pland_23_500">0</SimpleData>
		<SimpleData name="pland_23_1000">0</SimpleData>
		<SimpleData name="pland_24_100">87.7358490566038</SimpleData>
		<SimpleData name="pland_24_500">44.4163719050025</SimpleData>
		<SimpleData name="pland_24_1000">33.7141414460189</SimpleData>
		<SimpleData name="pland_25_100">0</SimpleData>
		<SimpleData name="pland_25_500">11.1293582617484</SimpleData>
		<SimpleData name="pland_25_1000">4.41190393536782</SimpleData>
		<SimpleData name="pland_30_100">0</SimpleData>
		<SimpleData name="pland_30_500">0</SimpleData>
		<SimpleData name="pland_30_1000">0</SimpleData>
		<SimpleData name="pland_33_100">0</SimpleData>
		<SimpleData name="pland_33_500">0</SimpleData>
		<SimpleData name="pland_33_1000">1.67576608703885</SimpleData>
		<SimpleData name="pland_36_1000">0</SimpleData>
		<SimpleData name="nearest">9.85308847237046</SimpleData>
		<SimpleData name="mainland50">2838.07671603001</SimpleData>
		<SimpleData name="mainland100">2838.07671603001</SimpleData>
		<SimpleData name="mainland1000">4482.28434367776</SimpleData>
		<SimpleData name="group.1">8</SimpleData>
	</SchemaData></ExtendedData>
      <Point><coordinates>-48.4387161103723,-1.36445901370938</coordinates></Point>
  </Placemark>
  <Placemark>
	<ExtendedData><SchemaData schemaUrl="#sel_trees">
		<SimpleData name="treeID">000079</SimpleData>
		<SimpleData name="group">tree</SimpleData>
		<SimpleData name="id">000079</SimpleData>
		<SimpleData name="area_mn_3_100">0.0925070818841525</SimpleData>
		<SimpleData name="area_mn_3_500">0.347173104270528</SimpleData>
		<SimpleData name="area_mn_3_1000">1.27827269210666</SimpleData>
		<SimpleData name="clumpy_3_100">0.452141602096955</SimpleData>
		<SimpleData name="clumpy_3_500">0.756943075667792</SimpleData>
		<SimpleData name="clumpy_3_1000">0.817284622573406</SimpleData>
		<SimpleData name="EC_PC_d10_3_100">3378.95831937998</SimpleData>
		<SimpleData name="EC_PC_d10_3_500">111688.006659359</SimpleData>
		<SimpleData name="EC_PC_d10_3_1000">872395.946857295</SimpleData>
		<SimpleData name="EC_PC_d100_3_100">6451.99255385961</SimpleData>
		<SimpleData name="EC_PC_d100_3_500">124991.025036597</SimpleData>
		<SimpleData name="EC_PC_d100_3_1000">880666.815207059</SimpleData>
		<SimpleData name="EC_PC_d50_3_100">5291.9252649872</SimpleData>
		<SimpleData name="EC_PC_d50_3_500">114301.810298178</SimpleData>
		<SimpleData name="EC_PC_d50_3_1000">873330.636978176</SimpleData>
		<SimpleData name="ed_3_100">434.102415612269</SimpleData>
		<SimpleData name="ed_3_500">211.744691215349</SimpleData>
		<SimpleData name="ed_3_1000">184.628419702933</SimpleData>
		<SimpleData name="PCdirect_d10_3_100">4.18039</SimpleData>
		<SimpleData name="PCdirect_d10_3_500">0.0221100000000047</SimpleData>
		<SimpleData name="PCdirect_d10_3_1000">0.00096</SimpleData>
		<SimpleData name="PCdirect_d100_3_100">73.75821</SimpleData>
		<SimpleData name="PCdirect_d100_3_500">19.71052</SimpleData>
		<SimpleData name="PCdirect_d100_3_1000">1.64493</SimpleData>
		<SimpleData name="PCdirect_d50_3_100">60.99199</SimpleData>
		<SimpleData name="PCdirect_d50_3_500">4.26129</SimpleData>
		<SimpleData name="PCdirect_d50_3_1000">0.18602</SimpleData>
		<SimpleData name="PCintra_d10_3_100">95.67876</SimpleData>
		<SimpleData name="PCintra_d10_3_500">99.9763</SimpleData>
		<SimpleData name="PCintra_d10_3_1000">99.99902</SimpleData>
		<SimpleData name="PCintra_d100_3_100">26.24179</SimpleData>
		<SimpleData name="PCintra_d100_3_500">79.82749</SimpleData>
		<SimpleData name="PCintra_d100_3_1000">98.12954</SimpleData>
		<SimpleData name="PCintra_d50_3_100">39.00801</SimpleData>
		<SimpleData name="PCintra_d50_3_500">95.45615</SimpleData>
		<SimpleData name="PCintra_d50_3_1000">99.78509</SimpleData>
		<SimpleData name="PCnum_d10_3_100">11417359.3241072</SimpleData>
		<SimpleData name="PCnum_d10_3_500">12474210831.541</SimpleData>
		<SimpleData name="PCnum_d10_3_1000">761074688093.035</SimpleData>
		<SimpleData name="PCnum_d100_3_100">41628207.9150599</SimpleData>
		<SimpleData name="PCnum_d100_3_500">15622756339.6993</SimpleData>
		<SimpleData name="PCnum_d100_3_1000">775574039406.945</SimpleData>
		<SimpleData name="PCnum_d50_3_100">28004473.0102098</SimpleData>
		<SimpleData name="PCnum_d50_3_500">13064903837.4407</SimpleData>
		<SimpleData name="PCnum_d50_3_1000">762706401484.706</SimpleData>
		<SimpleData name="PCstep_d10_3_100">0.14085</SimpleData>
		<SimpleData name="PCstep_d10_3_500">0.00159000000000474</SimpleData>
		<SimpleData name="PCstep_d10_3_1000">2e-05</SimpleData>
		<SimpleData name="PCstep_d100_3_100">0</SimpleData>
		<SimpleData name="PCstep_d100_3_500">0.46199</SimpleData>
		<SimpleData name="PCstep_d100_3_1000">0.22553</SimpleData>
		<SimpleData name="PCstep_d50_3_100">0</SimpleData>
		<SimpleData name="PCstep_d50_3_500">0.28256</SimpleData>
		<SimpleData name="PCstep_d50_3_1000">0.0289</SimpleData>
		<SimpleData name="pd_3_100">286.447504052911</SimpleData>
		<SimpleData name="pd_3_500">92.9714955725165</SimpleData>
		<SimpleData name="pd_3_1000">41.0769126060824</SimpleData>
		<SimpleData name="pland_3_100">26.4984227129337</SimpleData>
		<SimpleData name="pland_3_500">32.2772027265842</SimpleData>
		<SimpleData name="pland_3_1000">52.5074956604071</SimpleData>
		<SimpleData name="pland_15_100">13.8801261829653</SimpleData>
		<SimpleData name="pland_15_500">8.11663721282504</SimpleData>
		<SimpleData name="pland_15_1000">4.82878333596339</SimpleData>
		<SimpleData name="pland_19_100">0</SimpleData>
		<SimpleData name="pland_19_500">0.416561474375158</SimpleData>
		<SimpleData name="pland_19_1000">3.60107306296355</SimpleData>
		<SimpleData name="pland_21_100">3.78548895899054</SimpleData>
		<SimpleData name="pland_21_500">2.24690734662964</SimpleData>
		<SimpleData name="pland_21_1000">3.38961653779391</SimpleData>
		<SimpleData name="pland_23_100">0</SimpleData>
		<SimpleData name="pland_23_500">0</SimpleData>
		<SimpleData name="pland_23_1000">0</SimpleData>
		<SimpleData name="pland_24_100">55.8359621451104</SimpleData>
		<SimpleData name="pland_24_500">55.6803837414794</SimpleData>
		<SimpleData name="pland_24_1000">34.8556099100521</SimpleData>
		<SimpleData name="pland_25_100">0</SimpleData>
		<SimpleData name="pland_25_500">1.26230749810654</SimpleData>
		<SimpleData name="pland_25_1000">0.545999684393246</SimpleData>
		<SimpleData name="pland_30_100">0</SimpleData>
		<SimpleData name="pland_30_500">0</SimpleData>
		<SimpleData name="pland_30_1000">0</SimpleData>
		<SimpleData name="pland_33_100">0</SimpleData>
		<SimpleData name="pland_33_500">0</SimpleData>
		<SimpleData name="pland_33_1000">0.2714218084267</SimpleData>
		<SimpleData name="pland_36_1000">0</SimpleData>
		<SimpleData name="nearest">7.55952256372675</SimpleData>
		<SimpleData name="mainland50">299.054453456136</SimpleData>
		<SimpleData name="mainland100">1010.98292657115</SimpleData>
		<SimpleData name="mainland1000">4087.85713217854</SimpleData>
		<SimpleData name="group.1">9</SimpleData>
	</SchemaData></ExtendedData>
      <Point><coordinates>-48.3725033802902,-1.36107015427846</coordinates></Point>
  </Placemark>
  <Placemark>
	<ExtendedData><SchemaData schemaUrl="#sel_trees">
		<SimpleData name="treeID">006908</SimpleData>
		<SimpleData name="group">tree</SimpleData>
		<SimpleData name="id">006908</SimpleData>
		<SimpleData name="area_mn_3_100">0.0768139162074194</SimpleData>
		<SimpleData name="area_mn_3_500">0.072531651564726</SimpleData>
		<SimpleData name="area_mn_3_1000">0.0893373977674205</SimpleData>
		<SimpleData name="clumpy_3_100">0.528428819444444</SimpleData>
		<SimpleData name="clumpy_3_500">0.435839745718603</SimpleData>
		<SimpleData name="clumpy_3_1000">0.448967067183794</SimpleData>
		<SimpleData name="EC_PC_d10_3_100">3060.6150795934</SimpleData>
		<SimpleData name="EC_PC_d10_3_500">15894.2152108838</SimpleData>
		<SimpleData name="EC_PC_d10_3_1000">35556.9310835809</SimpleData>
		<SimpleData name="EC_PC_d100_3_100">4858.65327655984</SimpleData>
		<SimpleData name="EC_PC_d100_3_500">48798.9357391898</SimpleData>
		<SimpleData name="EC_PC_d100_3_1000">112919.286802037</SimpleData>
		<SimpleData name="EC_PC_d50_3_100">4112.74588225762</SimpleData>
		<SimpleData name="EC_PC_d50_3_500">29333.626079014</SimpleData>
		<SimpleData name="EC_PC_d50_3_1000">64902.8595932423</SimpleData>
		<SimpleData name="ed_3_100">293.75598665625</SimpleData>
		<SimpleData name="ed_3_500">334.015830361126</SimpleData>
		<SimpleData name="ed_3_1000">340.566611140494</SimpleData>
		<SimpleData name="PCdirect_d10_3_100">1.97819</SimpleData>
		<SimpleData name="PCdirect_d10_3_500">3.03744</SimpleData>
		<SimpleData name="PCdirect_d10_3_1000">2.73481</SimpleData>
		<SimpleData name="PCdirect_d100_3_100">61.13206</SimpleData>
		<SimpleData name="PCdirect_d100_3_500">89.0065533333333</SimpleData>
		<SimpleData name="PCdirect_d100_3_1000">87.26385</SimpleData>
		<SimpleData name="PCdirect_d50_3_100">45.75502</SimpleData>
		<SimpleData name="PCdirect_d50_3_500">68.85532</SimpleData>
		<SimpleData name="PCdirect_d50_3_1000">67.37152</SimpleData>
		<SimpleData name="PCintra_d10_3_100">97.95032</SimpleData>
		<SimpleData name="PCintra_d10_3_500">96.78447</SimpleData>
		<SimpleData name="PCintra_d10_3_1000">97.0939</SimpleData>
		<SimpleData name="PCintra_d100_3_100">38.86794</SimpleData>
		<SimpleData name="PCintra_d100_3_500">10.2674633333333</SimpleData>
		<SimpleData name="PCintra_d100_3_1000">9.62729</SimpleData>
		<SimpleData name="PCintra_d50_3_100">54.24498</SimpleData>
		<SimpleData name="PCintra_d50_3_500">28.41531</SimpleData>
		<SimpleData name="PCintra_d50_3_1000">29.14156</SimpleData>
		<SimpleData name="PCnum_d10_3_100">9367364.66543452</SimpleData>
		<SimpleData name="PCnum_d10_3_500">252626077.169889</SimpleData>
		<SimpleData name="PCnum_d10_3_1000">1264295348.08252</SimpleData>
		<SimpleData name="PCnum_d100_3_100">23606511.6618257</SimpleData>
		<SimpleData name="PCnum_d100_3_500">2381336129.27758</SimpleData>
		<SimpleData name="PCnum_d100_3_1000">12750765331.8808</SimpleData>
		<SimpleData name="PCnum_d50_3_100">16914678.692027</SimpleData>
		<SimpleData name="PCnum_d50_3_500">860461618.94341</SimpleData>
		<SimpleData name="PCnum_d50_3_1000">4212381183.38013</SimpleData>
		<SimpleData name="PCstep_d10_3_100">0.07149</SimpleData>
		<SimpleData name="PCstep_d10_3_500">0.17809</SimpleData>
		<SimpleData name="PCstep_d10_3_1000">0.17129</SimpleData>
		<SimpleData name="PCstep_d100_3_100">0</SimpleData>
		<SimpleData name="PCstep_d100_3_500">0.72598333333333</SimpleData>
		<SimpleData name="PCstep_d100_3_1000">3.10886</SimpleData>
		<SimpleData name="PCstep_d50_3_100">0</SimpleData>
		<SimpleData name="PCstep_d50_3_500">2.72937</SimpleData>
		<SimpleData name="PCstep_d50_3_1000">3.48692</SimpleData>
		<SimpleData name="pd_3_100">253.819311767218</SimpleData>
		<SimpleData name="pd_3_500">248.28583295683</SimpleData>
		<SimpleData name="pd_3_1000">211.733029300576</SimpleData>
		<SimpleData name="pland_3_100">19.4968553459119</SimpleData>
		<SimpleData name="pland_3_500">18.0085815244826</SimpleData>
		<SimpleData name="pland_3_1000">18.9156778591265</SimpleData>
		<SimpleData name="pland_15_100">0</SimpleData>
		<SimpleData name="pland_15_500">0</SimpleData>
		<SimpleData name="pland_15_1000">0</SimpleData>
		<SimpleData name="pland_19_100">0</SimpleData>
		<SimpleData name="pland_19_500">0</SimpleData>
		<SimpleData name="pland_19_1000">0</SimpleData>
		<SimpleData name="pland_21_100">0</SimpleData>
		<SimpleData name="pland_21_500">0</SimpleData>
		<SimpleData name="pland_21_1000">0</SimpleData>
		<SimpleData name="pland_23_100">0</SimpleData>
		<SimpleData name="pland_23_500">0</SimpleData>
		<SimpleData name="pland_23_1000">0</SimpleData>
		<SimpleData name="pland_24_100">80.503144654088</SimpleData>
		<SimpleData name="pland_24_500">81.9914184755174</SimpleData>
		<SimpleData name="pland_24_1000">81.0843221408735</SimpleData>
		<SimpleData name="pland_25_100">0</SimpleData>
		<SimpleData name="pland_25_500">0</SimpleData>
		<SimpleData name="pland_25_1000">0</SimpleData>
		<SimpleData name="pland_30_100">0</SimpleData>
		<SimpleData name="pland_30_500">0</SimpleData>
		<SimpleData name="pland_30_1000">0</SimpleData>
		<SimpleData name="pland_33_100">0</SimpleData>
		<SimpleData name="pland_33_500">0</SimpleData>
		<SimpleData name="pland_33_1000">0</SimpleData>
		<SimpleData name="pland_36_1000">0</SimpleData>
		<SimpleData name="nearest">8.40202557718823</SimpleData>
		<SimpleData name="mainland50">2036.33742043246</SimpleData>
		<SimpleData name="mainland100">2125.85414176983</SimpleData>
		<SimpleData name="mainland1000">2125.85414176983</SimpleData>
		<SimpleData name="group.1">10</SimpleData>
	</SchemaData></ExtendedData>
      <Point><coordinates>-48.4924896893436,-1.43282974768991</coordinates></Point>
  </Placemark>
  <Placemark>
	<ExtendedData><SchemaData schemaUrl="#sel_trees">
		<SimpleData name="treeID">008318</SimpleData>
		<SimpleData name="group">tree</SimpleData>
		<SimpleData name="id">008318</SimpleData>
		<SimpleData name="area_mn_3_100">1.72459631225444</SimpleData>
		<SimpleData name="area_mn_3_500">17.2013614938141</SimpleData>
		<SimpleData name="area_mn_3_1000">19.2811189240106</SimpleData>
		<SimpleData name="clumpy_3_100">0.738577362409138</SimpleData>
		<SimpleData name="clumpy_3_500">0.85954126171112</SimpleData>
		<SimpleData name="clumpy_3_1000">0.93506861888536</SimpleData>
		<SimpleData name="EC_PC_d10_3_100">0</SimpleData>
		<SimpleData name="EC_PC_d10_3_500">342442.828550434</SimpleData>
		<SimpleData name="EC_PC_d10_3_1000">1003780.77935832</SimpleData>
		<SimpleData name="EC_PC_d100_3_100">0</SimpleData>
		<SimpleData name="EC_PC_d100_3_500">342571.48189701</SimpleData>
		<SimpleData name="EC_PC_d100_3_1000">1004013.816479</SimpleData>
		<SimpleData name="EC_PC_d50_3_100">0</SimpleData>
		<SimpleData name="EC_PC_d50_3_500">342456.708580491</SimpleData>
		<SimpleData name="EC_PC_d50_3_1000">1003802.77892504</SimpleData>
		<SimpleData name="ed_3_100">303.231986227038</SimpleData>
		<SimpleData name="ed_3_500">144.853923653079</SimpleData>
		<SimpleData name="ed_3_1000">66.0287721848908</SimpleData>
		<SimpleData name="PCdirect_d10_3_100">0</SimpleData>
		<SimpleData name="PCdirect_d10_3_500">0</SimpleData>
		<SimpleData name="PCdirect_d10_3_1000">2e-05</SimpleData>
		<SimpleData name="PCdirect_d100_3_100">0</SimpleData>
		<SimpleData name="PCdirect_d100_3_500">0.0750933333333344</SimpleData>
		<SimpleData name="PCdirect_d100_3_1000">0.0258333333333344</SimpleData>
		<SimpleData name="PCdirect_d50_3_100">0</SimpleData>
		<SimpleData name="PCdirect_d50_3_500">0.00792</SimpleData>
		<SimpleData name="PCdirect_d50_3_1000">0.00438</SimpleData>
		<SimpleData name="PCintra_d10_3_100">0</SimpleData>
		<SimpleData name="PCintra_d10_3_500">100</SimpleData>
		<SimpleData name="PCintra_d10_3_1000">99.99998</SimpleData>
		<SimpleData name="PCintra_d100_3_100">0</SimpleData>
		<SimpleData name="PCintra_d100_3_500">99.9249033333333</SimpleData>
		<SimpleData name="PCintra_d100_3_1000">99.9535633333333</SimpleData>
		<SimpleData name="PCintra_d50_3_100">0</SimpleData>
		<SimpleData name="PCintra_d50_3_500">99.99189</SimpleData>
		<SimpleData name="PCintra_d50_3_1000">99.9956</SimpleData>
		<SimpleData name="PCnum_d10_3_100">0</SimpleData>
		<SimpleData name="PCnum_d10_3_500">117267090825.622</SimpleData>
		<SimpleData name="PCnum_d10_3_1000">1007575853009.19</SimpleData>
		<SimpleData name="PCnum_d100_3_100">0</SimpleData>
		<SimpleData name="PCnum_d100_3_500">117355220209.113</SimpleData>
		<SimpleData name="PCnum_d100_3_1000">1008043743680.74</SimpleData>
		<SimpleData name="PCnum_d50_3_100">0</SimpleData>
		<SimpleData name="PCnum_d50_3_500">117276597251.784</SimpleData>
		<SimpleData name="PCnum_d50_3_1000">1007620018977.63</SimpleData>
		<SimpleData name="PCstep_d10_3_100">0</SimpleData>
		<SimpleData name="PCstep_d10_3_500">0</SimpleData>
		<SimpleData name="PCstep_d10_3_1000">0</SimpleData>
		<SimpleData name="PCstep_d100_3_100">0</SimpleData>
		<SimpleData name="PCstep_d100_3_500">3.33333333439138e-06</SimpleData>
		<SimpleData name="PCstep_d100_3_1000">0.0206033333333344</SimpleData>
		<SimpleData name="PCstep_d50_3_100">0</SimpleData>
		<SimpleData name="PCstep_d50_3_500">0.00019</SimpleData>
		<SimpleData name="PCstep_d50_3_1000">2e-05</SimpleData>
		<SimpleData name="pd_3_100">31.7274139711849</SimpleData>
		<SimpleData name="pd_3_500">2.55038363064113</SimpleData>
		<SimpleData name="pd_3_1000">1.91224392257386</SimpleData>
		<SimpleData name="pland_3_100">54.7169811320755</SimpleData>
		<SimpleData name="pland_3_500">43.8700707785642</SimpleData>
		<SimpleData name="pland_3_1000">36.8702024828632</SimpleData>
		<SimpleData name="pland_15_100">0</SimpleData>
		<SimpleData name="pland_15_500">0</SimpleData>
		<SimpleData name="pland_15_1000">0</SimpleData>
		<SimpleData name="pland_19_100">7.23270440251572</SimpleData>
		<SimpleData name="pland_19_500">0.518200202224469</SimpleData>
		<SimpleData name="pland_19_1000">0.47382885301829</SimpleData>
		<SimpleData name="pland_21_100">0</SimpleData>
		<SimpleData name="pland_21_500">0.391809908998989</SimpleData>
		<SimpleData name="pland_21_1000">2.90299143949206</SimpleData>
		<SimpleData name="pland_23_100">0</SimpleData>
		<SimpleData name="pland_23_500">0</SimpleData>
		<SimpleData name="pland_23_1000">0.499099725179265</SimpleData>
		<SimpleData name="pland_24_100">7.23270440251572</SimpleData>
		<SimpleData name="pland_24_500">6.69868554095045</SimpleData>
		<SimpleData name="pland_24_1000">5.56906845247497</SimpleData>
		<SimpleData name="pland_25_100">15.4088050314465</SimpleData>
		<SimpleData name="pland_25_500">3.42517694641052</SimpleData>
		<SimpleData name="pland_25_1000">1.47202830337682</SimpleData>
		<SimpleData name="pland_30_100">0</SimpleData>
		<SimpleData name="pland_30_500">0</SimpleData>
		<SimpleData name="pland_30_1000">0</SimpleData>
		<SimpleData name="pland_33_100">15.4088050314465</SimpleData>
		<SimpleData name="pland_33_500">45.0960566228514</SimpleData>
		<SimpleData name="pland_33_1000">52.2127807435954</SimpleData>
		<SimpleData name="pland_36_1000">0</SimpleData>
		<SimpleData name="nearest">15.0725875133863</SimpleData>
		<SimpleData name="mainland50">3289.62570696442</SimpleData>
		<SimpleData name="mainland100">3289.62570696442</SimpleData>
		<SimpleData name="mainland1000">3289.62570696442</SimpleData>
		<SimpleData name="group.1">11</SimpleData>
	</SchemaData></ExtendedData>
      <Point><coordinates>-48.482146677974,-1.30825935672878</coordinates></Point>
  </Placemark>
  <Placemark>
	<ExtendedData><SchemaData schemaUrl="#sel_trees">
		<SimpleData name="treeID">000577</SimpleData>
		<SimpleData name="group">tree</SimpleData>
		<SimpleData name="id">000577</SimpleData>
		<SimpleData name="area_mn_3_100">0.852386683068286</SimpleData>
		<SimpleData name="area_mn_3_500">35.4037817665692</SimpleData>
		<SimpleData name="area_mn_3_1000">25.3956718453128</SimpleData>
		<SimpleData name="clumpy_3_100">0.612337889940414</SimpleData>
		<SimpleData name="clumpy_3_500">0.904616353919246</SimpleData>
		<SimpleData name="clumpy_3_1000">0.948145339496462</SimpleData>
		<SimpleData name="EC_PC_d10_3_100">15695.3801598768</SimpleData>
		<SimpleData name="EC_PC_d10_3_500">353047.811206683</SimpleData>
		<SimpleData name="EC_PC_d10_3_1000">997240.39294365</SimpleData>
		<SimpleData name="EC_PC_d100_3_100">16421.0217255203</SimpleData>
		<SimpleData name="EC_PC_d100_3_500">353195.002626474</SimpleData>
		<SimpleData name="EC_PC_d100_3_1000">997288.968473329</SimpleData>
		<SimpleData name="EC_PC_d50_3_100">16085.073783021</SimpleData>
		<SimpleData name="EC_PC_d50_3_500">353069.185526421</SimpleData>
		<SimpleData name="EC_PC_d50_3_1000">997240.395550055</SimpleData>
		<SimpleData name="ed_3_100">390.974944267067</SimpleData>
		<SimpleData name="ed_3_500">105.832267748166</SimpleData>
		<SimpleData name="ed_3_1000">52.3038572512489</SimpleData>
		<SimpleData name="PCdirect_d10_3_100">0.026</SimpleData>
		<SimpleData name="PCdirect_d10_3_500">0</SimpleData>
		<SimpleData name="PCdirect_d10_3_1000">0</SimpleData>
		<SimpleData name="PCdirect_d100_3_100">8.66644</SimpleData>
		<SimpleData name="PCdirect_d100_3_500">0.08333</SimpleData>
		<SimpleData name="PCdirect_d100_3_1000">0.00699</SimpleData>
		<SimpleData name="PCdirect_d50_3_100">4.81147</SimpleData>
		<SimpleData name="PCdirect_d50_3_500">0.01211</SimpleData>
		<SimpleData name="PCdirect_d50_3_1000">0</SimpleData>
		<SimpleData name="PCintra_d10_3_100">99.974</SimpleData>
		<SimpleData name="PCintra_d10_3_500">100</SimpleData>
		<SimpleData name="PCintra_d10_3_1000">100</SimpleData>
		<SimpleData name="PCintra_d100_3_100">91.33356</SimpleData>
		<SimpleData name="PCintra_d100_3_500">99.91667</SimpleData>
		<SimpleData name="PCintra_d100_3_1000">99.99026</SimpleData>
		<SimpleData name="PCintra_d50_3_100">95.18853</SimpleData>
		<SimpleData name="PCintra_d50_3_500">99.98789</SimpleData>
		<SimpleData name="PCintra_d50_3_1000">100</SimpleData>
		<SimpleData name="PCnum_d10_3_100">246344958.363054</SimpleData>
		<SimpleData name="PCnum_d10_3_500">124642756997.83</SimpleData>
		<SimpleData name="PCnum_d10_3_1000">994488401318.406</SimpleData>
		<SimpleData name="PCnum_d100_3_100">269649954.510011</SimpleData>
		<SimpleData name="PCnum_d100_3_500">124746709880.315</SimpleData>
		<SimpleData name="PCnum_d100_3_1000">994585286638.596</SimpleData>
		<SimpleData name="PCnum_d50_3_100">258729598.60523</SimpleData>
		<SimpleData name="PCnum_d50_3_500">124657849768.29</SimpleData>
		<SimpleData name="PCnum_d50_3_1000">994488406516.831</SimpleData>
		<SimpleData name="PCstep_d10_3_100">0</SimpleData>
		<SimpleData name="PCstep_d10_3_500">0</SimpleData>
		<SimpleData name="PCstep_d10_3_1000">0</SimpleData>
		<SimpleData name="PCstep_d100_3_100">0</SimpleData>
		<SimpleData name="PCstep_d100_3_500">0</SimpleData>
		<SimpleData name="PCstep_d100_3_1000">0.00276</SimpleData>
		<SimpleData name="PCstep_d50_3_100">0</SimpleData>
		<SimpleData name="PCstep_d50_3_500">0</SimpleData>
		<SimpleData name="PCstep_d50_3_1000">0</SimpleData>
		<SimpleData name="pd_3_100">63.8564407774482</SimpleData>
		<SimpleData name="pd_3_500">1.27310001802147</SimpleData>
		<SimpleData name="pd_3_1000">1.27362232370535</SimpleData>
		<SimpleData name="pland_3_100">54.4303797468354</SimpleData>
		<SimpleData name="pland_3_500">45.0725552050473</SimpleData>
		<SimpleData name="pland_3_1000">32.3444945876858</SimpleData>
		<SimpleData name="pland_15_100">0</SimpleData>
		<SimpleData name="pland_15_500">0</SimpleData>
		<SimpleData name="pland_15_1000">0</SimpleData>
		<SimpleData name="pland_19_100">0</SimpleData>
		<SimpleData name="pland_19_500">0.98422712933754</SimpleData>
		<SimpleData name="pland_19_1000">0.441821567204216</SimpleData>
		<SimpleData name="pland_21_100">0</SimpleData>
		<SimpleData name="pland_21_500">1.04731861198738</SimpleData>
		<SimpleData name="pland_21_1000">0.621706062423076</SimpleData>
		<SimpleData name="pland_23_100">0</SimpleData>
		<SimpleData name="pland_23_500">0.517350157728707</SimpleData>
		<SimpleData name="pland_23_1000">0.504938933947676</SimpleData>
		<SimpleData name="pland_24_100">15.1898734177215</SimpleData>
		<SimpleData name="pland_24_500">3.36908517350158</SimpleData>
		<SimpleData name="pland_24_1000">3.82491242465364</SimpleData>
		<SimpleData name="pland_25_100">6.32911392405063</SimpleData>
		<SimpleData name="pland_25_500">1.6403785488959</SimpleData>
		<SimpleData name="pland_25_1000">1.00041026288383</SimpleData>
		<SimpleData name="pland_30_100">0</SimpleData>
		<SimpleData name="pland_30_500">0</SimpleData>
		<SimpleData name="pland_30_1000">0</SimpleData>
		<SimpleData name="pland_33_100">24.0506329113924</SimpleData>
		<SimpleData name="pland_33_500">47.3690851735016</SimpleData>
		<SimpleData name="pland_33_1000">61.2617161612018</SimpleData>
		<SimpleData name="pland_36_1000">0</SimpleData>
		<SimpleData name="nearest">12.761793693664</SimpleData>
		<SimpleData name="mainland50">3970.93523127799</SimpleData>
		<SimpleData name="mainland100">3970.93523127799</SimpleData>
		<SimpleData name="mainland1000">3970.93523127799</SimpleData>
		<SimpleData name="group.1">12</SimpleData>
	</SchemaData></ExtendedData>
      <Point><coordinates>-48.4640276404485,-1.13938899567275</coordinates></Point>
  </Placemark>
  <Placemark>
	<ExtendedData><SchemaData schemaUrl="#sel_trees">
		<SimpleData name="treeID">002169</SimpleData>
		<SimpleData name="group">tree</SimpleData>
		<SimpleData name="id">002169</SimpleData>
		<SimpleData name="area_mn_3_100">0.528611896476162</SimpleData>
		<SimpleData name="area_mn_3_500">0.536596138663993</SimpleData>
		<SimpleData name="area_mn_3_1000">0.740510930916798</SimpleData>
		<SimpleData name="clumpy_3_100">0.561624649859944</SimpleData>
		<SimpleData name="clumpy_3_500">0.619446477237901</SimpleData>
		<SimpleData name="clumpy_3_1000">0.64829627955009</SimpleData>
		<SimpleData name="EC_PC_d10_3_100">14879.8965399298</SimpleData>
		<SimpleData name="EC_PC_d10_3_500">92068.8034221071</SimpleData>
		<SimpleData name="EC_PC_d10_3_1000">176751.777744965</SimpleData>
		<SimpleData name="EC_PC_d100_3_100">15418.8564870774</SimpleData>
		<SimpleData name="EC_PC_d100_3_500">110206.067363</SimpleData>
		<SimpleData name="EC_PC_d100_3_1000">213661.18298415</SimpleData>
		<SimpleData name="EC_PC_d50_3_100">15176.6081228353</SimpleData>
		<SimpleData name="EC_PC_d50_3_500">97195.5348210959</SimpleData>
		<SimpleData name="EC_PC_d50_3_1000">183913.110634865</SimpleData>
		<SimpleData name="ed_3_100">465.323045957553</SimpleData>
		<SimpleData name="ed_3_500">291.297297218091</SimpleData>
		<SimpleData name="ed_3_1000">219.898095607297</SimpleData>
		<SimpleData name="PCdirect_d10_3_100">0.00185</SimpleData>
		<SimpleData name="PCdirect_d10_3_500">0.10896</SimpleData>
		<SimpleData name="PCdirect_d10_3_1000">0.04838</SimpleData>
		<SimpleData name="PCdirect_d100_3_100">6.87046</SimpleData>
		<SimpleData name="PCdirect_d100_3_500">30.26873</SimpleData>
		<SimpleData name="PCdirect_d100_3_1000">30.58268</SimpleData>
		<SimpleData name="PCdirect_d50_3_100">3.87367</SimpleData>
		<SimpleData name="PCdirect_d50_3_500">9.59869</SimpleData>
		<SimpleData name="PCdirect_d50_3_1000">6.93335</SimpleData>
		<SimpleData name="PCintra_d10_3_100">99.99815</SimpleData>
		<SimpleData name="PCintra_d10_3_500">99.88464</SimpleData>
		<SimpleData name="PCintra_d10_3_1000">99.94972</SimpleData>
		<SimpleData name="PCintra_d100_3_100">93.12954</SimpleData>
		<SimpleData name="PCintra_d100_3_500">69.71283</SimpleData>
		<SimpleData name="PCintra_d100_3_1000">68.40028</SimpleData>
		<SimpleData name="PCintra_d50_3_100">96.12633</SimpleData>
		<SimpleData name="PCintra_d50_3_500">89.6254</SimpleData>
		<SimpleData name="PCintra_d50_3_1000">92.31744</SimpleData>
		<SimpleData name="PCnum_d10_3_100">221411321.039015</SimpleData>
		<SimpleData name="PCnum_d10_3_500">8476664563.5786</SimpleData>
		<SimpleData name="PCnum_d10_3_1000">31241190936.0057</SimpleData>
		<SimpleData name="PCnum_d100_3_100">237741135.369088</SimpleData>
		<SimpleData name="PCnum_d100_3_500">12145377283.6181</SimpleData>
		<SimpleData name="PCnum_d100_3_1000">45651101114.1866</SimpleData>
		<SimpleData name="PCnum_d50_3_100">230329434.114109</SimpleData>
		<SimpleData name="PCnum_d50_3_500">9446971989.15887</SimpleData>
		<SimpleData name="PCnum_d50_3_1000">33824032263.3921</SimpleData>
		<SimpleData name="PCstep_d10_3_100">0</SimpleData>
		<SimpleData name="PCstep_d10_3_500">0.0064</SimpleData>
		<SimpleData name="PCstep_d10_3_1000">0.00191</SimpleData>
		<SimpleData name="PCstep_d100_3_100">0</SimpleData>
		<SimpleData name="PCstep_d100_3_500">0.01844</SimpleData>
		<SimpleData name="PCstep_d100_3_1000">1.01704</SimpleData>
		<SimpleData name="PCstep_d50_3_100">0</SimpleData>
		<SimpleData name="PCstep_d50_3_500">0.77592</SimpleData>
		<SimpleData name="PCstep_d50_3_1000">0.74921</SimpleData>
		<SimpleData name="pd_3_100">96.7027250112693</SimpleData>
		<SimpleData name="pd_3_500">45.8373845458519</SimpleData>
		<SimpleData name="pd_3_1000">25.4724464741253</SimpleData>
		<SimpleData name="pland_3_100">51.1182108626198</SimpleData>
		<SimpleData name="pland_3_500">24.5961635537607</SimpleData>
		<SimpleData name="pland_3_1000">18.8626250512829</SimpleData>
		<SimpleData name="pland_15_100">0</SimpleData>
		<SimpleData name="pland_15_500">0</SimpleData>
		<SimpleData name="pland_15_1000">0</SimpleData>
		<SimpleData name="pland_19_100">0</SimpleData>
		<SimpleData name="pland_19_500">0</SimpleData>
		<SimpleData name="pland_19_1000">0</SimpleData>
		<SimpleData name="pland_21_100">0</SimpleData>
		<SimpleData name="pland_21_500">0</SimpleData>
		<SimpleData name="pland_21_1000">0</SimpleData>
		<SimpleData name="pland_23_100">22.6837060702875</SimpleData>
		<SimpleData name="pland_23_500">8.60676426047451</SimpleData>
		<SimpleData name="pland_23_1000">4.03004386656989</SimpleData>
		<SimpleData name="pland_24_100">25.2396166134185</SimpleData>
		<SimpleData name="pland_24_500">26.8046441191318</SimpleData>
		<SimpleData name="pland_24_1000">20.4058446681604</SimpleData>
		<SimpleData name="pland_25_100">0</SimpleData>
		<SimpleData name="pland_25_500">0</SimpleData>
		<SimpleData name="pland_25_1000">0</SimpleData>
		<SimpleData name="pland_30_100">0</SimpleData>
		<SimpleData name="pland_30_500">0</SimpleData>
		<SimpleData name="pland_30_1000">0</SimpleData>
		<SimpleData name="pland_33_100">0.958466453674122</SimpleData>
		<SimpleData name="pland_33_500">39.992428066633</SimpleData>
		<SimpleData name="pland_33_1000">56.7014864139868</SimpleData>
		<SimpleData name="pland_36_1000">0</SimpleData>
		<SimpleData name="nearest">4.20033332196157</SimpleData>
		<SimpleData name="mainland50">593.535687951756</SimpleData>
		<SimpleData name="mainland100">593.535687951756</SimpleData>
		<SimpleData name="mainland1000">593.535687951756</SimpleData>
		<SimpleData name="group.1">13</SimpleData>
	</SchemaData></ExtendedData>
      <Point><coordinates>-48.4532271572471,-1.46447842900054</coordinates></Point>
  </Placemark>
  <Placemark>
	<ExtendedData><SchemaData schemaUrl="#sel_trees">
		<SimpleData name="treeID">000186</SimpleData>
		<SimpleData name="group">tree</SimpleData>
		<SimpleData name="id">000186</SimpleData>
		<SimpleData name="area_mn_3_100">0.307255664829506</SimpleData>
		<SimpleData name="area_mn_3_500">1.16124097258421</SimpleData>
		<SimpleData name="area_mn_3_1000">1.83410017725808</SimpleData>
		<SimpleData name="clumpy_3_100">0.736064257028113</SimpleData>
		<SimpleData name="clumpy_3_500">0.807463086703791</SimpleData>
		<SimpleData name="clumpy_3_1000">0.831797987649872</SimpleData>
		<SimpleData name="EC_PC_d10_3_100">6058.98327579307</SimpleData>
		<SimpleData name="EC_PC_d10_3_500">242334.177744234</SimpleData>
		<SimpleData name="EC_PC_d10_3_1000">1161609.2423962</SimpleData>
		<SimpleData name="EC_PC_d100_3_100">7953.60354613743</SimpleData>
		<SimpleData name="EC_PC_d100_3_500">251539.960584924</SimpleData>
		<SimpleData name="EC_PC_d100_3_1000">1166330.4640654</SimpleData>
		<SimpleData name="EC_PC_d50_3_100">7178.97478235771</SimpleData>
		<SimpleData name="EC_PC_d50_3_500">243955.64298126</SimpleData>
		<SimpleData name="EC_PC_d50_3_1000">1162263.64883634</SimpleData>
		<SimpleData name="ed_3_100">296.914653179423</SimpleData>
		<SimpleData name="ed_3_500">192.272515178393</SimpleData>
		<SimpleData name="ed_3_1000">169.554244507659</SimpleData>
		<SimpleData name="PCdirect_d10_3_100">0</SimpleData>
		<SimpleData name="PCdirect_d10_3_500">0.00314</SimpleData>
		<SimpleData name="PCdirect_d10_3_1000">0.00041</SimpleData>
		<SimpleData name="PCdirect_d100_3_100">41.96745</SimpleData>
		<SimpleData name="PCdirect_d100_3_500">7.04428</SimpleData>
		<SimpleData name="PCdirect_d100_3_1000">0.70013</SimpleData>
		<SimpleData name="PCdirect_d50_3_100">28.76808</SimpleData>
		<SimpleData name="PCdirect_d50_3_500">1.14219</SimpleData>
		<SimpleData name="PCdirect_d50_3_1000">0.107880000000005</SimpleData>
		<SimpleData name="PCintra_d10_3_100">100</SimpleData>
		<SimpleData name="PCintra_d10_3_500">99.99677</SimpleData>
		<SimpleData name="PCintra_d10_3_1000">99.99957</SimpleData>
		<SimpleData name="PCintra_d100_3_100">58.03255</SimpleData>
		<SimpleData name="PCintra_d100_3_500">92.8114</SimpleData>
		<SimpleData name="PCintra_d100_3_1000">99.19163</SimpleData>
		<SimpleData name="PCintra_d50_3_100">71.23192</SimpleData>
		<SimpleData name="PCintra_d50_3_500">98.67192</SimpleData>
		<SimpleData name="PCintra_d50_3_1000">99.88699</SimpleData>
		<SimpleData name="PCnum_d10_3_100">36711278.3363401</SimpleData>
		<SimpleData name="PCnum_d10_3_500">58725853702.9738</SimpleData>
		<SimpleData name="PCnum_d10_3_1000">1349336032020.27</SimpleData>
		<SimpleData name="PCnum_d100_3_100">63259809.36913</SimpleData>
		<SimpleData name="PCnum_d100_3_500">63272351771.0651</SimpleData>
		<SimpleData name="PCnum_d100_3_1000">1360326751407</SimpleData>
		<SimpleData name="PCnum_d50_3_100">51537678.9257279</SimpleData>
		<SimpleData name="PCnum_d50_3_500">59514355742.3998</SimpleData>
		<SimpleData name="PCnum_d50_3_1000">1350856789406.37</SimpleData>
		<SimpleData name="PCstep_d10_3_100">0</SimpleData>
		<SimpleData name="PCstep_d10_3_500">9e-05</SimpleData>
		<SimpleData name="PCstep_d10_3_1000">2e-05</SimpleData>
		<SimpleData name="PCstep_d100_3_100">0</SimpleData>
		<SimpleData name="PCstep_d100_3_500">0.14432</SimpleData>
		<SimpleData name="PCstep_d100_3_1000">0.10825</SimpleData>
		<SimpleData name="PCstep_d50_3_100">0</SimpleData>
		<SimpleData name="PCstep_d50_3_500">0.18589</SimpleData>
		<SimpleData name="PCstep_d50_3_1000">0.00513000000000474</SimpleData>
		<SimpleData name="pd_3_100">95.1822419127598</SimpleData>
		<SimpleData name="pd_3_500">39.4661005586609</SimpleData>
		<SimpleData name="pd_3_1000">26.4268292209676</SimpleData>
		<SimpleData name="pland_3_100">29.2452830188679</SimpleData>
		<SimpleData name="pland_3_500">45.8296529968454</SimpleData>
		<SimpleData name="pland_3_1000">48.4694521585458</SimpleData>
		<SimpleData name="pland_15_100">3.77358490566038</SimpleData>
		<SimpleData name="pland_15_500">16.8454258675079</SimpleData>
		<SimpleData name="pland_15_1000">17.3788184801818</SimpleData>
		<SimpleData name="pland_19_100">0</SimpleData>
		<SimpleData name="pland_19_500">0</SimpleData>
		<SimpleData name="pland_19_1000">0.858369098712446</SimpleData>
		<SimpleData name="pland_21_100">42.4528301886792</SimpleData>
		<SimpleData name="pland_21_500">17.5772870662461</SimpleData>
		<SimpleData name="pland_21_1000">13.7370613481444</SimpleData>
		<SimpleData name="pland_23_100">0</SimpleData>
		<SimpleData name="pland_23_500">0</SimpleData>
		<SimpleData name="pland_23_1000">0</SimpleData>
		<SimpleData name="pland_24_100">24.5283018867925</SimpleData>
		<SimpleData name="pland_24_500">19.7476340694006</SimpleData>
		<SimpleData name="pland_24_1000">18.2119414289321</SimpleData>
		<SimpleData name="pland_25_100">0</SimpleData>
		<SimpleData name="pland_25_500">0</SimpleData>
		<SimpleData name="pland_25_1000">1.31595556677607</SimpleData>
		<SimpleData name="pland_30_100">0</SimpleData>
		<SimpleData name="pland_30_500">0</SimpleData>
		<SimpleData name="pland_30_1000">0</SimpleData>
		<SimpleData name="pland_33_100">0</SimpleData>
		<SimpleData name="pland_33_500">0</SimpleData>
		<SimpleData name="pland_33_1000">0.0284019187073971</SimpleData>
		<SimpleData name="pland_36_1000">0</SimpleData>
		<SimpleData name="nearest">4.96278266014143</SimpleData>
		<SimpleData name="mainland50">646.52275953437</SimpleData>
		<SimpleData name="mainland100">1179.29986257985</SimpleData>
		<SimpleData name="mainland1000">1179.29986257985</SimpleData>
		<SimpleData name="group.1">14</SimpleData>
	</SchemaData></ExtendedData>
      <Point><coordinates>-48.4019169716975,-1.09884220614173</coordinates></Point>
  </Placemark>
  <Placemark>
	<ExtendedData><SchemaData schemaUrl="#sel_trees">
		<SimpleData name="treeID">009507</SimpleData>
		<SimpleData name="group">tree</SimpleData>
		<SimpleData name="id">009507</SimpleData>
		<SimpleData name="area_mn_3_100">0.428671209798789</SimpleData>
		<SimpleData name="area_mn_3_500">1.29424654653692</SimpleData>
		<SimpleData name="area_mn_3_1000">1.71573428928694</SimpleData>
		<SimpleData name="clumpy_3_100">0.575342465753425</SimpleData>
		<SimpleData name="clumpy_3_500">0.702495574642076</SimpleData>
		<SimpleData name="clumpy_3_1000">0.730606217852145</SimpleData>
		<SimpleData name="EC_PC_d10_3_100">11264.3322505694</SimpleData>
		<SimpleData name="EC_PC_d10_3_500">173392.1700074</SimpleData>
		<SimpleData name="EC_PC_d10_3_1000">475048.112605487</SimpleData>
		<SimpleData name="EC_PC_d100_3_100">14315.8976380648</SimpleData>
		<SimpleData name="EC_PC_d100_3_500">197089.182011283</SimpleData>
		<SimpleData name="EC_PC_d100_3_1000">506127.431471937</SimpleData>
		<SimpleData name="EC_PC_d50_3_100">12811.3672303623</SimpleData>
		<SimpleData name="EC_PC_d50_3_500">177111.816922191</SimpleData>
		<SimpleData name="EC_PC_d50_3_1000">478404.391494211</SimpleData>
		<SimpleData name="ed_3_100">390.446828660757</SimpleData>
		<SimpleData name="ed_3_500">296.234546059373</SimpleData>
		<SimpleData name="ed_3_1000">271.100045902542</SimpleData>
		<SimpleData name="PCdirect_d10_3_100">0.287673333333334</SimpleData>
		<SimpleData name="PCdirect_d10_3_500">0.01991</SimpleData>
		<SimpleData name="PCdirect_d10_3_1000">0.00419</SimpleData>
		<SimpleData name="PCdirect_d100_3_100">38.2856</SimpleData>
		<SimpleData name="PCdirect_d100_3_500">22.2421633333333</SimpleData>
		<SimpleData name="PCdirect_d100_3_1000">10.91198</SimpleData>
		<SimpleData name="PCdirect_d50_3_100">22.93935</SimpleData>
		<SimpleData name="PCdirect_d50_3_500">3.20348</SimpleData>
		<SimpleData name="PCdirect_d50_3_1000">1.07117</SimpleData>
		<SimpleData name="PCintra_d10_3_100">99.6810833333333</SimpleData>
		<SimpleData name="PCintra_d10_3_500">99.97985</SimpleData>
		<SimpleData name="PCintra_d10_3_1000">99.99572</SimpleData>
		<SimpleData name="PCintra_d100_3_100">61.7144</SimpleData>
		<SimpleData name="PCintra_d100_3_500">77.3830533333333</SimpleData>
		<SimpleData name="PCintra_d100_3_1000">88.09208</SimpleData>
		<SimpleData name="PCintra_d50_3_100">77.06065</SimpleData>
		<SimpleData name="PCintra_d50_3_500">95.82446</SimpleData>
		<SimpleData name="PCintra_d50_3_1000">98.59759</SimpleData>
		<SimpleData name="PCnum_d10_3_100">126885181.051218</SimpleData>
		<SimpleData name="PCnum_d10_3_500">30064844619.8753</SimpleData>
		<SimpleData name="PCnum_d10_3_1000">225670709290.035</SimpleData>
		<SimpleData name="PCnum_d100_3_100">204944925.183548</SimpleData>
		<SimpleData name="PCnum_d100_3_500">38844145665.8764</SimpleData>
		<SimpleData name="PCnum_d100_3_1000">256164976888.38</SimpleData>
		<SimpleData name="PCnum_d50_3_100">164131130.311202</SimpleData>
		<SimpleData name="PCnum_d50_3_500">31368595693.4798</SimpleData>
		<SimpleData name="PCnum_d50_3_1000">228870761800.947</SimpleData>
		<SimpleData name="PCstep_d10_3_100">0.0312433333333344</SimpleData>
		<SimpleData name="PCstep_d10_3_500">0.00024</SimpleData>
		<SimpleData name="PCstep_d10_3_1000">9e-05</SimpleData>
		<SimpleData name="PCstep_d100_3_100">0</SimpleData>
		<SimpleData name="PCstep_d100_3_500">0.374783333333334</SimpleData>
		<SimpleData name="PCstep_d100_3_1000">0.99594</SimpleData>
		<SimpleData name="PCstep_d50_3_100">0</SimpleData>
		<SimpleData name="PCstep_d50_3_500">0.97207</SimpleData>
		<SimpleData name="PCstep_d50_3_1000">0.331240000000005</SimpleData>
		<SimpleData name="pd_3_100">126.511819972901</SimpleData>
		<SimpleData name="pd_3_500">39.5209561444663</SimpleData>
		<SimpleData name="pd_3_1000">27.0747276918614</SimpleData>
		<SimpleData name="pland_3_100">54.2319749216301</SimpleData>
		<SimpleData name="pland_3_500">51.1498610058125</SimpleData>
		<SimpleData name="pland_3_1000">46.4530386740331</SimpleData>
		<SimpleData name="pland_15_100">0</SimpleData>
		<SimpleData name="pland_15_500">3.86656557998484</SimpleData>
		<SimpleData name="pland_15_1000">8.89976322020521</SimpleData>
		<SimpleData name="pland_19_100">0</SimpleData>
		<SimpleData name="pland_19_500">0</SimpleData>
		<SimpleData name="pland_19_1000">2.46882399368587</SimpleData>
		<SimpleData name="pland_21_100">0</SimpleData>
		<SimpleData name="pland_21_500">2.27445034116755</SimpleData>
		<SimpleData name="pland_21_1000">10.3930544593528</SimpleData>
		<SimpleData name="pland_23_100">0</SimpleData>
		<SimpleData name="pland_23_500">0</SimpleData>
		<SimpleData name="pland_23_1000">0</SimpleData>
		<SimpleData name="pland_24_100">45.7680250783699</SimpleData>
		<SimpleData name="pland_24_500">42.7091230730351</SimpleData>
		<SimpleData name="pland_24_1000">28.2651933701657</SimpleData>
		<SimpleData name="pland_25_100">0</SimpleData>
		<SimpleData name="pland_25_500">0</SimpleData>
		<SimpleData name="pland_25_1000">2.25414364640884</SimpleData>
		<SimpleData name="pland_30_100">0</SimpleData>
		<SimpleData name="pland_30_500">0</SimpleData>
		<SimpleData name="pland_30_1000">1.22178374112076</SimpleData>
		<SimpleData name="pland_33_100">0</SimpleData>
		<SimpleData name="pland_33_500">0</SimpleData>
		<SimpleData name="pland_33_1000">0.0441988950276243</SimpleData>
		<SimpleData name="pland_36_1000">0</SimpleData>
		<SimpleData name="nearest">19.3200824246072</SimpleData>
		<SimpleData name="mainland50">1271.49344130583</SimpleData>
		<SimpleData name="mainland100">1271.49344130583</SimpleData>
		<SimpleData name="mainland1000">3950.31205715084</SimpleData>
		<SimpleData name="group.1">15</SimpleData>
	</SchemaData></ExtendedData>
      <Point><coordinates>-48.443759914184,-1.13086130215138</coordinates></Point>
  </Placemark>
  <Placemark>
	<ExtendedData><SchemaData schemaUrl="#sel_trees">
		<SimpleData name="treeID">000338</SimpleData>
		<SimpleData name="group">tree</SimpleData>
		<SimpleData name="id">000338</SimpleData>
		<SimpleData name="area_mn_3_100">0.70371458718389</SimpleData>
		<SimpleData name="area_mn_3_500">1.68547207649847</SimpleData>
		<SimpleData name="area_mn_3_1000">3.99889816878427</SimpleData>
		<SimpleData name="clumpy_3_100">0.726878612716763</SimpleData>
		<SimpleData name="clumpy_3_500">0.803703138286238</SimpleData>
		<SimpleData name="clumpy_3_1000">0.840426412585689</SimpleData>
		<SimpleData name="EC_PC_d10_3_100">13492.7151092605</SimpleData>
		<SimpleData name="EC_PC_d10_3_500">202184.620447555</SimpleData>
		<SimpleData name="EC_PC_d10_3_1000">766452.370654136</SimpleData>
		<SimpleData name="EC_PC_d100_3_100">13835.2902572579</SimpleData>
		<SimpleData name="EC_PC_d100_3_500">205830.820409246</SimpleData>
		<SimpleData name="EC_PC_d100_3_1000">774563.284334805</SimpleData>
		<SimpleData name="EC_PC_d50_3_100">13693.7990953764</SimpleData>
		<SimpleData name="EC_PC_d50_3_500">202760.846820276</SimpleData>
		<SimpleData name="EC_PC_d50_3_1000">767350.718021687</SimpleData>
		<SimpleData name="ed_3_100">318.874906151587</SimpleData>
		<SimpleData name="ed_3_500">188.874226655806</SimpleData>
		<SimpleData name="ed_3_1000">157.794172585367</SimpleData>
		<SimpleData name="PCdirect_d10_3_100">0</SimpleData>
		<SimpleData name="PCdirect_d10_3_500">0.00157</SimpleData>
		<SimpleData name="PCdirect_d10_3_1000">0.00022</SimpleData>
		<SimpleData name="PCdirect_d100_3_100">4.89088</SimpleData>
		<SimpleData name="PCdirect_d100_3_500">3.25356</SimpleData>
		<SimpleData name="PCdirect_d100_3_1000">1.74727</SimpleData>
		<SimpleData name="PCdirect_d50_3_100">2.9153</SimpleData>
		<SimpleData name="PCdirect_d50_3_500">0.55968</SimpleData>
		<SimpleData name="PCdirect_d50_3_1000">0.19223</SimpleData>
		<SimpleData name="PCintra_d10_3_100">100</SimpleData>
		<SimpleData name="PCintra_d10_3_500">99.99839</SimpleData>
		<SimpleData name="PCintra_d10_3_1000">99.99978</SimpleData>
		<SimpleData name="PCintra_d100_3_100">95.10912</SimpleData>
		<SimpleData name="PCintra_d100_3_500">96.48692</SimpleData>
		<SimpleData name="PCintra_d100_3_1000">97.91643</SimpleData>
		<SimpleData name="PCintra_d50_3_100">97.0847</SimpleData>
		<SimpleData name="PCintra_d50_3_500">99.43083</SimpleData>
		<SimpleData name="PCintra_d50_3_1000">99.76577</SimpleData>
		<SimpleData name="PCnum_d10_3_100">182053361.019667</SimpleData>
		<SimpleData name="PCnum_d10_3_500">40878620745.5221</SimpleData>
		<SimpleData name="PCnum_d10_3_1000">587449236481.344</SimpleData>
		<SimpleData name="PCnum_d100_3_100">191415256.502576</SimpleData>
		<SimpleData name="PCnum_d100_3_500">42366326630.3434</SimpleData>
		<SimpleData name="PCnum_d100_3_1000">599948281439.52</SimpleData>
		<SimpleData name="PCnum_d50_3_100">187520133.664532</SimpleData>
		<SimpleData name="PCnum_d50_3_500">41111961003.2754</SimpleData>
		<SimpleData name="PCnum_d50_3_1000">588827124448.398</SimpleData>
		<SimpleData name="PCstep_d10_3_100">0</SimpleData>
		<SimpleData name="PCstep_d10_3_500">4e-05</SimpleData>
		<SimpleData name="PCstep_d10_3_1000">1e-05</SimpleData>
		<SimpleData name="PCstep_d100_3_100">0</SimpleData>
		<SimpleData name="PCstep_d100_3_500">0.259520000000005</SimpleData>
		<SimpleData name="PCstep_d100_3_1000">0.3363</SimpleData>
		<SimpleData name="PCstep_d50_3_100">0</SimpleData>
		<SimpleData name="PCstep_d50_3_500">0.00949</SimpleData>
		<SimpleData name="PCstep_d50_3_1000">0.042</SimpleData>
		<SimpleData name="pd_3_100">64.0591596370948</SimpleData>
		<SimpleData name="pd_3_500">24.1919529547653</SimpleData>
		<SimpleData name="pd_3_1000">12.4174257785269</SimpleData>
		<SimpleData name="pland_3_100">45.0793650793651</SimpleData>
		<SimpleData name="pland_3_500">40.7748611812216</SimpleData>
		<SimpleData name="pland_3_1000">49.656021206766</SimpleData>
		<SimpleData name="pland_15_100">15.2380952380952</SimpleData>
		<SimpleData name="pland_15_500">11.686017163049</SimpleData>
		<SimpleData name="pland_15_1000">9.13910628629134</SimpleData>
		<SimpleData name="pland_19_100">0</SimpleData>
		<SimpleData name="pland_19_500">0</SimpleData>
		<SimpleData name="pland_19_1000">0.905705629891441</SimpleData>
		<SimpleData name="pland_21_100">14.6031746031746</SimpleData>
		<SimpleData name="pland_21_500">29.8838970217062</SimpleData>
		<SimpleData name="pland_21_1000">28.8942186316587</SimpleData>
		<SimpleData name="pland_23_100">0</SimpleData>
		<SimpleData name="pland_23_500">0</SimpleData>
		<SimpleData name="pland_23_1000">0</SimpleData>
		<SimpleData name="pland_24_100">25.0793650793651</SimpleData>
		<SimpleData name="pland_24_500">11.648157496214</SimpleData>
		<SimpleData name="pland_24_1000">5.5983337541025</SimpleData>
		<SimpleData name="pland_25_100">0</SimpleData>
		<SimpleData name="pland_25_500">6.00706713780919</SimpleData>
		<SimpleData name="pland_25_1000">5.67091643524363</SimpleData>
		<SimpleData name="pland_30_100">0</SimpleData>
		<SimpleData name="pland_30_500">0</SimpleData>
		<SimpleData name="pland_30_1000">0.110451906084322</SimpleData>
		<SimpleData name="pland_33_100">0</SimpleData>
		<SimpleData name="pland_33_500">0</SimpleData>
		<SimpleData name="pland_33_1000">0.0252461499621308</SimpleData>
		<SimpleData name="pland_36_1000">0</SimpleData>
		<SimpleData name="nearest">5.75634827845148</SimpleData>
		<SimpleData name="mainland50">3957.05194089082</SimpleData>
		<SimpleData name="mainland100">3957.05194089082</SimpleData>
		<SimpleData name="mainland1000">3957.05194089082</SimpleData>
		<SimpleData name="group.1">16</SimpleData>
	</SchemaData></ExtendedData>
      <Point><coordinates>-48.4116466623394,-1.34195254236486</coordinates></Point>
  </Placemark>
  <Placemark>
	<ExtendedData><SchemaData schemaUrl="#sel_trees">
		<SimpleData name="treeID">005498</SimpleData>
		<SimpleData name="group">tree</SimpleData>
		<SimpleData name="id">005498</SimpleData>
		<SimpleData name="area_mn_3_100">1.05061614424637</SimpleData>
		<SimpleData name="area_mn_3_500">0.779087882308249</SimpleData>
		<SimpleData name="area_mn_3_1000">0.426193341534872</SimpleData>
		<SimpleData name="clumpy_3_100">0.850785340314136</SimpleData>
		<SimpleData name="clumpy_3_500">0.733304111820164</SimpleData>
		<SimpleData name="clumpy_3_1000">0.674286562034262</SimpleData>
		<SimpleData name="EC_PC_d10_3_100">0</SimpleData>
		<SimpleData name="EC_PC_d10_3_500">194517.265991372</SimpleData>
		<SimpleData name="EC_PC_d10_3_1000">654878.513728302</SimpleData>
		<SimpleData name="EC_PC_d100_3_100">0</SimpleData>
		<SimpleData name="EC_PC_d100_3_500">205462.193061393</SimpleData>
		<SimpleData name="EC_PC_d100_3_1000">672088.301626035</SimpleData>
		<SimpleData name="EC_PC_d50_3_100">0</SimpleData>
		<SimpleData name="EC_PC_d50_3_500">196388.631212476</SimpleData>
		<SimpleData name="EC_PC_d50_3_1000">658521.570055028</SimpleData>
		<SimpleData name="ed_3_100">164.250659206343</SimpleData>
		<SimpleData name="ed_3_500">263.488825029704</SimpleData>
		<SimpleData name="ed_3_1000">317.805615989337</SimpleData>
		<SimpleData name="PCdirect_d10_3_100">0</SimpleData>
		<SimpleData name="PCdirect_d10_3_500">0.00936</SimpleData>
		<SimpleData name="PCdirect_d10_3_1000">0.00522</SimpleData>
		<SimpleData name="PCdirect_d100_3_100">0</SimpleData>
		<SimpleData name="PCdirect_d100_3_500">10.19147</SimpleData>
		<SimpleData name="PCdirect_d100_3_1000">4.67079</SimpleData>
		<SimpleData name="PCdirect_d50_3_100">0</SimpleData>
		<SimpleData name="PCdirect_d50_3_500">1.74824</SimpleData>
		<SimpleData name="PCdirect_d50_3_1000">1.04311</SimpleData>
		<SimpleData name="PCintra_d10_3_100">0</SimpleData>
		<SimpleData name="PCintra_d10_3_500">99.9898</SimpleData>
		<SimpleData name="PCintra_d10_3_1000">99.9945</SimpleData>
		<SimpleData name="PCintra_d100_3_100">0</SimpleData>
		<SimpleData name="PCintra_d100_3_500">89.62067</SimpleData>
		<SimpleData name="PCintra_d100_3_1000">94.93906</SimpleData>
		<SimpleData name="PCintra_d50_3_100">0</SimpleData>
		<SimpleData name="PCintra_d50_3_500">98.0933</SimpleData>
		<SimpleData name="PCintra_d50_3_1000">98.89118</SimpleData>
		<SimpleData name="PCnum_d10_3_100">0</SimpleData>
		<SimpleData name="PCnum_d10_3_500">37836966768.7581</SimpleData>
		<SimpleData name="PCnum_d10_3_1000">428865867742.989</SimpleData>
		<SimpleData name="PCnum_d100_3_100">0</SimpleData>
		<SimpleData name="PCnum_d100_3_500">42214712777.5973</SimpleData>
		<SimpleData name="PCnum_d100_3_1000">451702685182.568</SimpleData>
		<SimpleData name="PCnum_d50_3_100">0</SimpleData>
		<SimpleData name="PCnum_d50_3_500">38568494469.51</SimpleData>
		<SimpleData name="PCnum_d50_3_1000">433650658227.739</SimpleData>
		<SimpleData name="PCstep_d10_3_100">0</SimpleData>
		<SimpleData name="PCstep_d10_3_500">0.00084</SimpleData>
		<SimpleData name="PCstep_d10_3_1000">0.00029</SimpleData>
		<SimpleData name="PCstep_d100_3_100">0</SimpleData>
		<SimpleData name="PCstep_d100_3_500">0.18786</SimpleData>
		<SimpleData name="PCstep_d100_3_1000">0.39016</SimpleData>
		<SimpleData name="PCstep_d50_3_100">0</SimpleData>
		<SimpleData name="PCstep_d50_3_500">0.15846</SimpleData>
		<SimpleData name="PCstep_d50_3_1000">0.06571</SimpleData>
		<SimpleData name="pd_3_100">31.7274139712026</SimpleData>
		<SimpleData name="pd_3_500">54.8193907810481</SimpleData>
		<SimpleData name="pd_3_1000">93.9355753394907</SimpleData>
		<SimpleData name="pland_3_100">33.3333333333333</SimpleData>
		<SimpleData name="pland_3_500">42.7091230730351</SimpleData>
		<SimpleData name="pland_3_1000">40.0347167429383</SimpleData>
		<SimpleData name="pland_15_100">0</SimpleData>
		<SimpleData name="pland_15_500">0.45489006823351</SimpleData>
		<SimpleData name="pland_15_1000">0.113618431434433</SimpleData>
		<SimpleData name="pland_19_100">0</SimpleData>
		<SimpleData name="pland_19_500">3.15895880717715</SimpleData>
		<SimpleData name="pland_19_1000">0.789016884961338</SimpleData>
		<SimpleData name="pland_21_100">0</SimpleData>
		<SimpleData name="pland_21_500">0</SimpleData>
		<SimpleData name="pland_21_1000">0</SimpleData>
		<SimpleData name="pland_23_100">0</SimpleData>
		<SimpleData name="pland_23_500">0</SimpleData>
		<SimpleData name="pland_23_1000">0</SimpleData>
		<SimpleData name="pland_24_100">66.6666666666667</SimpleData>
		<SimpleData name="pland_24_500">52.0596411422795</SimpleData>
		<SimpleData name="pland_24_1000">58.4314344326969</SimpleData>
		<SimpleData name="pland_25_100">0</SimpleData>
		<SimpleData name="pland_25_500">1.59211523881729</SimpleData>
		<SimpleData name="pland_25_1000">0.62490137288938</SimpleData>
		<SimpleData name="pland_30_100">0</SimpleData>
		<SimpleData name="pland_30_500">0</SimpleData>
		<SimpleData name="pland_30_1000">0</SimpleData>
		<SimpleData name="pland_33_100">0</SimpleData>
		<SimpleData name="pland_33_500">0.0252716704574172</SimpleData>
		<SimpleData name="pland_33_1000">0.00631213507969071</SimpleData>
		<SimpleData name="pland_36_1000">0</SimpleData>
		<SimpleData name="nearest">32.6669768058144</SimpleData>
		<SimpleData name="mainland50">450.485315054415</SimpleData>
		<SimpleData name="mainland100">450.485315054415</SimpleData>
		<SimpleData name="mainland1000">1559.19885948956</SimpleData>
		<SimpleData name="group.1">17</SimpleData>
	</SchemaData></ExtendedData>
      <Point><coordinates>-48.3919529450592,-1.35404387625522</coordinates></Point>
  </Placemark>
  <Placemark>
	<ExtendedData><SchemaData schemaUrl="#sel_trees">
		<SimpleData name="treeID">004679</SimpleData>
		<SimpleData name="group">tree</SimpleData>
		<SimpleData name="id">004679</SimpleData>
		<SimpleData name="area_mn_3_100">0.393981054092609</SimpleData>
		<SimpleData name="area_mn_3_500">5.9706713707137</SimpleData>
		<SimpleData name="area_mn_3_1000">2.90939855330408</SimpleData>
		<SimpleData name="clumpy_3_100">0.446939212328767</SimpleData>
		<SimpleData name="clumpy_3_500">0.631988459916557</SimpleData>
		<SimpleData name="clumpy_3_1000">0.6900435321236</SimpleData>
		<SimpleData name="EC_PC_d10_3_100">8728.7199895858</SimpleData>
		<SimpleData name="EC_PC_d10_3_500">505326.651752429</SimpleData>
		<SimpleData name="EC_PC_d10_3_1000">1948840.19968144</SimpleData>
		<SimpleData name="EC_PC_d100_3_100">12803.3323171203</SimpleData>
		<SimpleData name="EC_PC_d100_3_500">514204.246005254</SimpleData>
		<SimpleData name="EC_PC_d100_3_1000">1951047.57665002</SimpleData>
		<SimpleData name="EC_PC_d50_3_100">11044.4589464869</SimpleData>
		<SimpleData name="EC_PC_d50_3_500">505372.97178315</SimpleData>
		<SimpleData name="EC_PC_d50_3_1000">1949283.55628287</SimpleData>
		<SimpleData name="ed_3_100">541.587536529308</SimpleData>
		<SimpleData name="ed_3_500">261.772692506058</SimpleData>
		<SimpleData name="ed_3_1000">249.844934956203</SimpleData>
		<SimpleData name="PCdirect_d10_3_100">0.737773333333334</SimpleData>
		<SimpleData name="PCdirect_d10_3_500">0.00023</SimpleData>
		<SimpleData name="PCdirect_d10_3_1000">0.00019</SimpleData>
		<SimpleData name="PCdirect_d100_3_100">53.89733</SimpleData>
		<SimpleData name="PCdirect_d100_3_500">3.41657</SimpleData>
		<SimpleData name="PCdirect_d100_3_1000">0.17962</SimpleData>
		<SimpleData name="PCdirect_d50_3_100">38.04402</SimpleData>
		<SimpleData name="PCdirect_d50_3_500">0.01599</SimpleData>
		<SimpleData name="PCdirect_d50_3_1000">0.04338</SimpleData>
		<SimpleData name="PCintra_d10_3_100">99.1907133333333</SimpleData>
		<SimpleData name="PCintra_d10_3_500">99.99977</SimpleData>
		<SimpleData name="PCintra_d10_3_1000">99.99979</SimpleData>
		<SimpleData name="PCintra_d100_3_100">46.10267</SimpleData>
		<SimpleData name="PCintra_d100_3_500">96.57664</SimpleData>
		<SimpleData name="PCintra_d100_3_1000">99.77364</SimpleData>
		<SimpleData name="PCintra_d50_3_100">61.95598</SimpleData>
		<SimpleData name="PCintra_d50_3_500">99.98144</SimpleData>
		<SimpleData name="PCintra_d50_3_1000">99.95431</SimpleData>
		<SimpleData name="PCnum_d10_3_100">76190552.6565947</SimpleData>
		<SimpleData name="PCnum_d10_3_500">255355024971.321</SimpleData>
		<SimpleData name="PCnum_d10_3_1000">3797978123894.41</SimpleData>
		<SimpleData name="PCnum_d100_3_100">163925318.422617</SimpleData>
		<SimpleData name="PCnum_d100_3_500">264406006609.832</SimpleData>
		<SimpleData name="PCnum_d100_3_1000">3806586646351.92</SimpleData>
		<SimpleData name="PCnum_d50_3_100">121980073.420635</SimpleData>
		<SimpleData name="PCnum_d50_3_500">255401840608.933</SimpleData>
		<SimpleData name="PCnum_d50_3_1000">3799706382794.78</SimpleData>
		<SimpleData name="PCstep_d10_3_100">0.0715133333333344</SimpleData>
		<SimpleData name="PCstep_d10_3_500">0</SimpleData>
		<SimpleData name="PCstep_d10_3_1000">2e-05</SimpleData>
		<SimpleData name="PCstep_d100_3_100">0</SimpleData>
		<SimpleData name="PCstep_d100_3_500">0.00679</SimpleData>
		<SimpleData name="PCstep_d100_3_1000">0.04674</SimpleData>
		<SimpleData name="PCstep_d50_3_100">0</SimpleData>
		<SimpleData name="PCstep_d50_3_500">0.00257</SimpleData>
		<SimpleData name="PCstep_d50_3_1000">0.00232</SimpleData>
		<SimpleData name="pd_3_100">126.511819972875</SimpleData>
		<SimpleData name="pd_3_500">12.74547453615</SimpleData>
		<SimpleData name="pd_3_1000">24.8568154181923</SimpleData>
		<SimpleData name="pland_3_100">49.8432601880878</SimpleData>
		<SimpleData name="pland_3_500">76.0990399191511</SimpleData>
		<SimpleData name="pland_3_1000">72.3183828174352</SimpleData>
		<SimpleData name="pland_15_100">0</SimpleData>
		<SimpleData name="pland_15_500">0</SimpleData>
		<SimpleData name="pland_15_1000">1.95830701200253</SimpleData>
		<SimpleData name="pland_19_100">0</SimpleData>
		<SimpleData name="pland_19_500">0</SimpleData>
		<SimpleData name="pland_19_1000">0</SimpleData>
		<SimpleData name="pland_21_100">0</SimpleData>
		<SimpleData name="pland_21_500">0</SimpleData>
		<SimpleData name="pland_21_1000">2.4131396083386</SimpleData>
		<SimpleData name="pland_23_100">0</SimpleData>
		<SimpleData name="pland_23_500">0</SimpleData>
		<SimpleData name="pland_23_1000">0</SimpleData>
		<SimpleData name="pland_24_100">50.1567398119122</SimpleData>
		<SimpleData name="pland_24_500">18.911066195048</SimpleData>
		<SimpleData name="pland_24_1000">20.5622236260265</SimpleData>
		<SimpleData name="pland_25_100">0</SimpleData>
		<SimpleData name="pland_25_500">0</SimpleData>
		<SimpleData name="pland_25_1000">0</SimpleData>
		<SimpleData name="pland_30_100">0</SimpleData>
		<SimpleData name="pland_30_500">0</SimpleData>
		<SimpleData name="pland_30_1000">0</SimpleData>
		<SimpleData name="pland_33_100">0</SimpleData>
		<SimpleData name="pland_33_500">4.98989388580091</SimpleData>
		<SimpleData name="pland_33_1000">2.74794693619709</SimpleData>
		<SimpleData name="pland_36_1000">0</SimpleData>
		<SimpleData name="nearest">33.7769574974808</SimpleData>
		<SimpleData name="mainland50">3592.55629709145</SimpleData>
		<SimpleData name="mainland100">3621.18873409049</SimpleData>
		<SimpleData name="mainland1000">3621.18873409049</SimpleData>
		<SimpleData name="group.1">18</SimpleData>
	</SchemaData></ExtendedData>
      <Point><coordinates>-48.4753053338978,-1.3548551833966</coordinates></Point>
  </Placemark>
  <Placemark>
	<ExtendedData><SchemaData schemaUrl="#sel_trees">
		<SimpleData name="treeID">000422</SimpleData>
		<SimpleData name="group">tree</SimpleData>
		<SimpleData name="id">000422</SimpleData>
		<SimpleData name="area_mn_3_100">0.399762746710097</SimpleData>
		<SimpleData name="area_mn_3_500">0.757236541703863</SimpleData>
		<SimpleData name="area_mn_3_1000">0.468956269467996</SimpleData>
		<SimpleData name="clumpy_3_100">0.74168228678538</SimpleData>
		<SimpleData name="clumpy_3_500">0.711473142854721</SimpleData>
		<SimpleData name="clumpy_3_1000">0.697541071455755</SimpleData>
		<SimpleData name="EC_PC_d10_3_100">7529.30678291951</SimpleData>
		<SimpleData name="EC_PC_d10_3_500">268828.216204049</SimpleData>
		<SimpleData name="EC_PC_d10_3_1000">697530.605444207</SimpleData>
		<SimpleData name="EC_PC_d100_3_100">10090.9034321969</SimpleData>
		<SimpleData name="EC_PC_d100_3_500">280639.159076066</SimpleData>
		<SimpleData name="EC_PC_d100_3_1000">711157.428888278</SimpleData>
		<SimpleData name="EC_PC_d50_3_100">8987.25813902886</SimpleData>
		<SimpleData name="EC_PC_d50_3_500">270314.01267201</SimpleData>
		<SimpleData name="EC_PC_d50_3_1000">699582.859333795</SimpleData>
		<SimpleData name="ed_3_100">296.553662720964</SimpleData>
		<SimpleData name="ed_3_500">290.553488505704</SimpleData>
		<SimpleData name="ed_3_1000">296.572981764402</SimpleData>
		<SimpleData name="PCdirect_d10_3_100">0.15566</SimpleData>
		<SimpleData name="PCdirect_d10_3_500">0.004</SimpleData>
		<SimpleData name="PCdirect_d10_3_1000">0.00676</SimpleData>
		<SimpleData name="PCdirect_d100_3_100">44.45915</SimpleData>
		<SimpleData name="PCdirect_d100_3_500">8.16336</SimpleData>
		<SimpleData name="PCdirect_d100_3_1000">3.34066</SimpleData>
		<SimpleData name="PCdirect_d50_3_100">29.98063</SimpleData>
		<SimpleData name="PCdirect_d50_3_500">0.96505333333333</SimpleData>
		<SimpleData name="PCdirect_d50_3_1000">0.531643333333334</SimpleData>
		<SimpleData name="PCintra_d10_3_100">99.76143</SimpleData>
		<SimpleData name="PCintra_d10_3_500">99.99575</SimpleData>
		<SimpleData name="PCintra_d10_3_1000">99.99299</SimpleData>
		<SimpleData name="PCintra_d100_3_100">55.54085</SimpleData>
		<SimpleData name="PCintra_d100_3_500">91.75605</SimpleData>
		<SimpleData name="PCintra_d100_3_1000">96.19768</SimpleData>
		<SimpleData name="PCintra_d50_3_100">70.01937</SimpleData>
		<SimpleData name="PCintra_d50_3_500">98.8995033333333</SimpleData>
		<SimpleData name="PCintra_d50_3_1000">99.4071833333333</SimpleData>
		<SimpleData name="PCnum_d10_3_100">56690460.6313177</SimpleData>
		<SimpleData name="PCnum_d10_3_500">72268609827.4509</SimpleData>
		<SimpleData name="PCnum_d10_3_1000">486548945531.363</SimpleData>
		<SimpleData name="PCnum_d100_3_100">101826332.077923</SimpleData>
		<SimpleData name="PCnum_d100_3_500">78758337606.9216</SimpleData>
		<SimpleData name="PCnum_d100_3_1000">505744888662.986</SimpleData>
		<SimpleData name="PCnum_d50_3_100">80770808.8575405</SimpleData>
		<SimpleData name="PCnum_d50_3_500">73069665446.8436</SimpleData>
		<SimpleData name="PCnum_d50_3_1000">489416177073.648</SimpleData>
		<SimpleData name="PCstep_d10_3_100">0.08292</SimpleData>
		<SimpleData name="PCstep_d10_3_500">0.00025</SimpleData>
		<SimpleData name="PCstep_d10_3_1000">0.00025</SimpleData>
		<SimpleData name="PCstep_d100_3_100">0</SimpleData>
		<SimpleData name="PCstep_d100_3_500">0.08059</SimpleData>
		<SimpleData name="PCstep_d100_3_1000">0.46166</SimpleData>
		<SimpleData name="PCstep_d50_3_100">0</SimpleData>
		<SimpleData name="PCstep_d50_3_500">0.13544333333333</SimpleData>
		<SimpleData name="PCstep_d50_3_1000">0.0611733333333344</SimpleData>
		<SimpleData name="pd_3_100">96.0887394556422</SimpleData>
		<SimpleData name="pd_3_500">76.3667287207187</SimpleData>
		<SimpleData name="pd_3_1000">90.0974059801166</SimpleData>
		<SimpleData name="pland_3_100">38.4126984126984</SimpleData>
		<SimpleData name="pland_3_500">57.8276775577142</SimpleData>
		<SimpleData name="pland_3_1000">42.251743397179</SimpleData>
		<SimpleData name="pland_15_100">0</SimpleData>
		<SimpleData name="pland_15_500">0</SimpleData>
		<SimpleData name="pland_15_1000">0.413366570950743</SimpleData>
		<SimpleData name="pland_19_100">16.1904761904762</SimpleData>
		<SimpleData name="pland_19_500">0.75690677431563</SimpleData>
		<SimpleData name="pland_19_1000">0.192483670442712</SimpleData>
		<SimpleData name="pland_21_100">0</SimpleData>
		<SimpleData name="pland_21_500">0.479374290399899</SimpleData>
		<SimpleData name="pland_21_1000">1.18330125272159</SimpleData>
		<SimpleData name="pland_23_100">0</SimpleData>
		<SimpleData name="pland_23_500">0</SimpleData>
		<SimpleData name="pland_23_1000">0</SimpleData>
		<SimpleData name="pland_24_100">25.7142857142857</SimpleData>
		<SimpleData name="pland_24_500">38.7788570707708</SimpleData>
		<SimpleData name="pland_24_1000">54.73478274589</SimpleData>
		<SimpleData name="pland_25_100">19.6825396825397</SimpleData>
		<SimpleData name="pland_25_500">2.15718430679955</SimpleData>
		<SimpleData name="pland_25_1000">1.22432236281594</SimpleData>
		<SimpleData name="pland_30_100">0</SimpleData>
		<SimpleData name="pland_30_500">0</SimpleData>
		<SimpleData name="pland_30_1000">0</SimpleData>
		<SimpleData name="pland_33_100">0</SimpleData>
		<SimpleData name="pland_33_500">0</SimpleData>
		<SimpleData name="pland_33_1000">0</SimpleData>
		<SimpleData name="pland_36_1000">0</SimpleData>
		<SimpleData name="nearest">9.28832054766769</SimpleData>
		<SimpleData name="mainland50">385.930891574597</SimpleData>
		<SimpleData name="mainland100">385.930891574597</SimpleData>
		<SimpleData name="mainland1000">385.930891574597</SimpleData>
		<SimpleData name="group.1">19</SimpleData>
	</SchemaData></ExtendedData>
      <Point><coordinates>-48.4640251622887,-1.37145953775974</coordinates></Point>
  </Placemark>
  <Placemark>
	<ExtendedData><SchemaData schemaUrl="#sel_trees">
		<SimpleData name="treeID">004239</SimpleData>
		<SimpleData name="group">tree</SimpleData>
		<SimpleData name="id">004239</SimpleData>
		<SimpleData name="area_mn_3_100">0.201533285531537</SimpleData>
		<SimpleData name="area_mn_3_500">0.32388136157148</SimpleData>
		<SimpleData name="area_mn_3_1000">0.438680677648666</SimpleData>
		<SimpleData name="clumpy_3_100">0.557773942249382</SimpleData>
		<SimpleData name="clumpy_3_500">0.699392022482316</SimpleData>
		<SimpleData name="clumpy_3_1000">0.659692228569727</SimpleData>
		<SimpleData name="EC_PC_d10_3_100">10151.3845527314</SimpleData>
		<SimpleData name="EC_PC_d10_3_500">76615.7817409129</SimpleData>
		<SimpleData name="EC_PC_d10_3_1000">141452.341295479</SimpleData>
		<SimpleData name="EC_PC_d100_3_100">11161.035256128</SimpleData>
		<SimpleData name="EC_PC_d100_3_500">95608.9474571632</SimpleData>
		<SimpleData name="EC_PC_d100_3_1000">201226.880054378</SimpleData>
		<SimpleData name="EC_PC_d50_3_100">10673.0067097523</SimpleData>
		<SimpleData name="EC_PC_d50_3_500">80633.5211391345</SimpleData>
		<SimpleData name="EC_PC_d50_3_1000">154875.359637553</SimpleData>
		<SimpleData name="ed_3_100">448.190789769656</SimpleData>
		<SimpleData name="ed_3_500">237.760573260229</SimpleData>
		<SimpleData name="ed_3_1000">257.074022662462</SimpleData>
		<SimpleData name="PCdirect_d10_3_100">0.07477</SimpleData>
		<SimpleData name="PCdirect_d10_3_500">0.03664</SimpleData>
		<SimpleData name="PCdirect_d10_3_1000">0.05575</SimpleData>
		<SimpleData name="PCdirect_d100_3_100">17.33692</SimpleData>
		<SimpleData name="PCdirect_d100_3_500">35.56693</SimpleData>
		<SimpleData name="PCdirect_d100_3_1000">48.77587</SimpleData>
		<SimpleData name="PCdirect_d50_3_100">9.60446</SimpleData>
		<SimpleData name="PCdirect_d50_3_500">9.20330333333333</SimpleData>
		<SimpleData name="PCdirect_d50_3_1000">15.35686</SimpleData>
		<SimpleData name="PCintra_d10_3_100">99.92404</SimpleData>
		<SimpleData name="PCintra_d10_3_500">99.9621</SimpleData>
		<SimpleData name="PCintra_d10_3_1000">99.94124</SimpleData>
		<SimpleData name="PCintra_d100_3_100">82.66308</SimpleData>
		<SimpleData name="PCintra_d100_3_500">64.19109</SimpleData>
		<SimpleData name="PCintra_d100_3_1000">49.38477</SimpleData>
		<SimpleData name="PCintra_d50_3_100">90.39554</SimpleData>
		<SimpleData name="PCintra_d50_3_500">90.2486233333333</SimpleData>
		<SimpleData name="PCintra_d50_3_1000">83.36819</SimpleData>
		<SimpleData name="PCnum_d10_3_100">103050608.337434</SimpleData>
		<SimpleData name="PCnum_d10_3_500">5869978011.7712</SimpleData>
		<SimpleData name="PCnum_d10_3_1000">20008764857.9728</SimpleData>
		<SimpleData name="PCnum_d100_3_100">124568707.988532</SimpleData>
		<SimpleData name="PCnum_d100_3_500">9141070833.86659</SimpleData>
		<SimpleData name="PCnum_d100_3_1000">40492257256.419</SimpleData>
		<SimpleData name="PCnum_d50_3_100">113913072.226417</SimpleData>
		<SimpleData name="PCnum_d50_3_500">6501764731.29526</SimpleData>
		<SimpleData name="PCnum_d50_3_1000">23986377022.8613</SimpleData>
		<SimpleData name="PCstep_d10_3_100">0.00119</SimpleData>
		<SimpleData name="PCstep_d10_3_500">0.00126</SimpleData>
		<SimpleData name="PCstep_d10_3_1000">0.00301</SimpleData>
		<SimpleData name="PCstep_d100_3_100">0</SimpleData>
		<SimpleData name="PCstep_d100_3_500">0.24198</SimpleData>
		<SimpleData name="PCstep_d100_3_1000">1.83936</SimpleData>
		<SimpleData name="PCstep_d50_3_100">0</SimpleData>
		<SimpleData name="PCstep_d50_3_500">0.548073333333334</SimpleData>
		<SimpleData name="PCstep_d50_3_1000">1.27496</SimpleData>
		<SimpleData name="pd_3_100">191.569322332451</SimpleData>
		<SimpleData name="pd_3_500">79.0119608254229</SimpleData>
		<SimpleData name="pd_3_1000">56.3631240619607</SimpleData>
		<SimpleData name="pland_3_100">38.6075949367089</SimpleData>
		<SimpleData name="pland_3_500">25.5905014525704</SimpleData>
		<SimpleData name="pland_3_1000">24.7254134578967</SimpleData>
		<SimpleData name="pland_15_100">0</SimpleData>
		<SimpleData name="pland_15_500">0</SimpleData>
		<SimpleData name="pland_15_1000">0</SimpleData>
		<SimpleData name="pland_19_100">0</SimpleData>
		<SimpleData name="pland_19_500">2.48831628141973</SimpleData>
		<SimpleData name="pland_19_1000">0.621764928670622</SimpleData>
		<SimpleData name="pland_21_100">0</SimpleData>
		<SimpleData name="pland_21_500">0.341038272072755</SimpleData>
		<SimpleData name="pland_21_1000">0.085216513066532</SimpleData>
		<SimpleData name="pland_23_100">0</SimpleData>
		<SimpleData name="pland_23_500">0</SimpleData>
		<SimpleData name="pland_23_1000">0</SimpleData>
		<SimpleData name="pland_24_100">36.0759493670886</SimpleData>
		<SimpleData name="pland_24_500">47.1895920171782</SimpleData>
		<SimpleData name="pland_24_1000">36.5263224340361</SimpleData>
		<SimpleData name="pland_25_100">25.3164556962025</SimpleData>
		<SimpleData name="pland_25_500">9.39749905267147</SimpleData>
		<SimpleData name="pland_25_1000">5.56432268652948</SimpleData>
		<SimpleData name="pland_30_100">0</SimpleData>
		<SimpleData name="pland_30_500">0</SimpleData>
		<SimpleData name="pland_30_1000">0</SimpleData>
		<SimpleData name="pland_33_100">0</SimpleData>
		<SimpleData name="pland_33_500">14.9930529240874</SimpleData>
		<SimpleData name="pland_33_1000">32.4769599798005</SimpleData>
		<SimpleData name="pland_36_1000">0</SimpleData>
		<SimpleData name="nearest">15.4781931519807</SimpleData>
		<SimpleData name="mainland50">2192.47682034955</SimpleData>
		<SimpleData name="mainland100">2973.66860827785</SimpleData>
		<SimpleData name="mainland1000">2973.66860827785</SimpleData>
		<SimpleData name="group.1">20</SimpleData>
	</SchemaData></ExtendedData>
      <Point><coordinates>-48.499855649838,-1.46707553977928</coordinates></Point>
  </Placemark>
  <Placemark>
	<ExtendedData><SchemaData schemaUrl="#sel_trees">
		<SimpleData name="treeID">001148</SimpleData>
		<SimpleData name="group">tree</SimpleData>
		<SimpleData name="id">001148</SimpleData>
		<SimpleData name="area_mn_3_100">0.707018411538692</SimpleData>
		<SimpleData name="area_mn_3_500">2.66268808589666</SimpleData>
		<SimpleData name="area_mn_3_1000">1.9852313445482</SimpleData>
		<SimpleData name="clumpy_3_100">0.661963664476227</SimpleData>
		<SimpleData name="clumpy_3_500">0.798075600273978</SimpleData>
		<SimpleData name="clumpy_3_1000">0.838668624893955</SimpleData>
		<SimpleData name="EC_PC_d10_3_100">21012.8199830843</SimpleData>
		<SimpleData name="EC_PC_d10_3_500">339315.131625809</SimpleData>
		<SimpleData name="EC_PC_d10_3_1000">898689.372641296</SimpleData>
		<SimpleData name="EC_PC_d100_3_100">21105.1540416876</SimpleData>
		<SimpleData name="EC_PC_d100_3_500">341726.516559139</SimpleData>
		<SimpleData name="EC_PC_d100_3_1000">904400.247152298</SimpleData>
		<SimpleData name="EC_PC_d50_3_100">21055.9210033029</SimpleData>
		<SimpleData name="EC_PC_d50_3_500">339540.166508696</SimpleData>
		<SimpleData name="EC_PC_d50_3_1000">899220.239478173</SimpleData>
		<SimpleData name="ed_3_100">306.390652749947</SimpleData>
		<SimpleData name="ed_3_500">198.964906430793</SimpleData>
		<SimpleData name="ed_3_1000">165.850481277183</SimpleData>
		<SimpleData name="PCdirect_d10_3_100">0.00028</SimpleData>
		<SimpleData name="PCdirect_d10_3_500">0.00014</SimpleData>
		<SimpleData name="PCdirect_d10_3_1000">0.00062</SimpleData>
		<SimpleData name="PCdirect_d100_3_100">0.87336</SimpleData>
		<SimpleData name="PCdirect_d100_3_500">1.28026</SimpleData>
		<SimpleData name="PCdirect_d100_3_1000">1.0323</SimpleData>
		<SimpleData name="PCdirect_d50_3_100">0.40926</SimpleData>
		<SimpleData name="PCdirect_d50_3_500">0.12036</SimpleData>
		<SimpleData name="PCdirect_d50_3_1000">0.10816</SimpleData>
		<SimpleData name="PCintra_d10_3_100">99.99972</SimpleData>
		<SimpleData name="PCintra_d10_3_500">99.99986</SimpleData>
		<SimpleData name="PCintra_d10_3_1000">99.99937</SimpleData>
		<SimpleData name="PCintra_d100_3_100">99.12664</SimpleData>
		<SimpleData name="PCintra_d100_3_500">98.59354</SimpleData>
		<SimpleData name="PCintra_d100_3_1000">98.74046</SimpleData>
		<SimpleData name="PCintra_d50_3_100">99.59074</SimpleData>
		<SimpleData name="PCintra_d50_3_500">99.86735</SimpleData>
		<SimpleData name="PCintra_d50_3_1000">99.88134</SimpleData>
		<SimpleData name="PCnum_d10_3_100">441538603.641505</SimpleData>
		<SimpleData name="PCnum_d10_3_500">115134758550.24</SimpleData>
		<SimpleData name="PCnum_d10_3_1000">807642588498.406</SimpleData>
		<SimpleData name="PCnum_d100_3_100">445427527.123362</SimpleData>
		<SimpleData name="PCnum_d100_3_500">116777012119.643</SimpleData>
		<SimpleData name="PCnum_d100_3_1000">817939807049.139</SimpleData>
		<SimpleData name="PCnum_d50_3_100">443351809.29733</SimpleData>
		<SimpleData name="PCnum_d50_3_500">115287524672.753</SimpleData>
		<SimpleData name="PCnum_d50_3_1000">808597039087.183</SimpleData>
		<SimpleData name="PCstep_d10_3_100">0</SimpleData>
		<SimpleData name="PCstep_d10_3_500">0</SimpleData>
		<SimpleData name="PCstep_d10_3_1000">1e-05</SimpleData>
		<SimpleData name="PCstep_d100_3_100">0</SimpleData>
		<SimpleData name="PCstep_d100_3_500">0.1262</SimpleData>
		<SimpleData name="PCstep_d100_3_1000">0.22724</SimpleData>
		<SimpleData name="PCstep_d50_3_100">0</SimpleData>
		<SimpleData name="PCstep_d50_3_500">0.01229</SimpleData>
		<SimpleData name="PCstep_d50_3_1000">0.01051</SimpleData>
		<SimpleData name="pd_3_100">95.1822419133621</SimpleData>
		<SimpleData name="pd_3_500">21.6399697108088</SimpleData>
		<SimpleData name="pd_3_1000">25.7957365319412</SimpleData>
		<SimpleData name="pland_3_100">67.2955974842767</SimpleData>
		<SimpleData name="pland_3_500">57.6204895281352</SimpleData>
		<SimpleData name="pland_3_1000">51.2105047189167</SimpleData>
		<SimpleData name="pland_15_100">0</SimpleData>
		<SimpleData name="pland_15_500">5.31163260156447</SimpleData>
		<SimpleData name="pland_15_1000">4.90830466210031</SimpleData>
		<SimpleData name="pland_19_100">0</SimpleData>
		<SimpleData name="pland_19_500">7.84759020943729</SimpleData>
		<SimpleData name="pland_19_1000">3.49105141883148</SimpleData>
		<SimpleData name="pland_21_100">0</SimpleData>
		<SimpleData name="pland_21_500">1.53923795104719</SimpleData>
		<SimpleData name="pland_21_1000">2.00435592310849</SimpleData>
		<SimpleData name="pland_23_100">0</SimpleData>
		<SimpleData name="pland_23_500">0</SimpleData>
		<SimpleData name="pland_23_1000">0</SimpleData>
		<SimpleData name="pland_24_100">32.7044025157233</SimpleData>
		<SimpleData name="pland_24_500">27.4539490285138</SimpleData>
		<SimpleData name="pland_24_1000">27.1361383794703</SimpleData>
		<SimpleData name="pland_25_100">0</SimpleData>
		<SimpleData name="pland_25_500">0.227100681302044</SimpleData>
		<SimpleData name="pland_25_1000">2.10851930178972</SimpleData>
		<SimpleData name="pland_30_100">0</SimpleData>
		<SimpleData name="pland_30_500">0</SimpleData>
		<SimpleData name="pland_30_1000">0</SimpleData>
		<SimpleData name="pland_33_100">0</SimpleData>
		<SimpleData name="pland_33_500">0</SimpleData>
		<SimpleData name="pland_33_1000">9.14112559578296</SimpleData>
		<SimpleData name="pland_36_1000">0</SimpleData>
		<SimpleData name="nearest">41.3247080769863</SimpleData>
		<SimpleData name="mainland50">950.938651190062</SimpleData>
		<SimpleData name="mainland100">950.938651190062</SimpleData>
		<SimpleData name="mainland1000">950.938651190062</SimpleData>
		<SimpleData name="group.1">21</SimpleData>
	</SchemaData></ExtendedData>
      <Point><coordinates>-48.4093206863732,-1.36875303290617</coordinates></Point>
  </Placemark>
  <Placemark>
	<ExtendedData><SchemaData schemaUrl="#sel_trees">
		<SimpleData name="treeID">008967</SimpleData>
		<SimpleData name="group">tree</SimpleData>
		<SimpleData name="id">008967</SimpleData>
		<SimpleData name="area_mn_3_100">0.247786826475546</SimpleData>
		<SimpleData name="area_mn_3_500">0.12283727266507</SimpleData>
		<SimpleData name="area_mn_3_1000">0.132694117763363</SimpleData>
		<SimpleData name="clumpy_3_100">0.561751152073733</SimpleData>
		<SimpleData name="clumpy_3_500">0.591028511682419</SimpleData>
		<SimpleData name="clumpy_3_1000">0.58597118484913</SimpleData>
		<SimpleData name="EC_PC_d10_3_100">5309.49635651043</SimpleData>
		<SimpleData name="EC_PC_d10_3_500">18172.8690467559</SimpleData>
		<SimpleData name="EC_PC_d10_3_1000">72244.4490127911</SimpleData>
		<SimpleData name="EC_PC_d100_3_100">8231.9448006536</SimpleData>
		<SimpleData name="EC_PC_d100_3_500">32262.9072790263</SimpleData>
		<SimpleData name="EC_PC_d100_3_1000">101941.510253344</SimpleData>
		<SimpleData name="EC_PC_d50_3_100">7178.3932600928</SimpleData>
		<SimpleData name="EC_PC_d50_3_500">23719.9206186305</SimpleData>
		<SimpleData name="EC_PC_d50_3_1000">80676.9988329517</SimpleData>
		<SimpleData name="ed_3_100">408.753369444931</SimpleData>
		<SimpleData name="ed_3_500">145.957430057682</SimpleData>
		<SimpleData name="ed_3_1000">149.820383158664</SimpleData>
		<SimpleData name="PCdirect_d10_3_100">3.46915</SimpleData>
		<SimpleData name="PCdirect_d10_3_500">1.08548</SimpleData>
		<SimpleData name="PCdirect_d10_3_1000">0.44311</SimpleData>
		<SimpleData name="PCdirect_d100_3_100">59.87292</SimpleData>
		<SimpleData name="PCdirect_d100_3_500">68.32059</SimpleData>
		<SimpleData name="PCdirect_d100_3_1000">48.7156</SimpleData>
		<SimpleData name="PCdirect_d50_3_100">47.22989</SimpleData>
		<SimpleData name="PCdirect_d50_3_500">40.91982</SimpleData>
		<SimpleData name="PCdirect_d50_3_1000">19.09186</SimpleData>
		<SimpleData name="PCintra_d10_3_100">96.45746</SimpleData>
		<SimpleData name="PCintra_d10_3_500">98.86995</SimpleData>
		<SimpleData name="PCintra_d10_3_1000">99.54166</SimpleData>
		<SimpleData name="PCintra_d100_3_100">40.12708</SimpleData>
		<SimpleData name="PCintra_d100_3_500">31.36926</SimpleData>
		<SimpleData name="PCintra_d100_3_1000">49.99329</SimpleData>
		<SimpleData name="PCintra_d50_3_100">52.77011</SimpleData>
		<SimpleData name="PCintra_d50_3_500">58.03431</SimpleData>
		<SimpleData name="PCintra_d50_3_1000">79.82049</SimpleData>
		<SimpleData name="PCnum_d10_3_100">28190751.5597975</SimpleData>
		<SimpleData name="PCnum_d10_3_500">330253169.390539</SimpleData>
		<SimpleData name="PCnum_d10_3_1000">5219260413.16177</SimpleData>
		<SimpleData name="PCnum_d100_3_100">67764915.2010078</SimpleData>
		<SimpleData name="PCnum_d100_3_500">1040895186.09505</SimpleData>
		<SimpleData name="PCnum_d100_3_1000">10392071512.7325</SimpleData>
		<SimpleData name="PCnum_d50_3_100">51529329.7965457</SimpleData>
		<SimpleData name="PCnum_d50_3_500">562634634.154131</SimpleData>
		<SimpleData name="PCnum_d50_3_1000">6508778140.69209</SimpleData>
		<SimpleData name="PCstep_d10_3_100">0.07339</SimpleData>
		<SimpleData name="PCstep_d10_3_500">0.04458</SimpleData>
		<SimpleData name="PCstep_d10_3_1000">0.01523</SimpleData>
		<SimpleData name="PCstep_d100_3_100">0</SimpleData>
		<SimpleData name="PCstep_d100_3_500">0.310150000000005</SimpleData>
		<SimpleData name="PCstep_d100_3_1000">1.29111</SimpleData>
		<SimpleData name="PCstep_d50_3_100">0</SimpleData>
		<SimpleData name="PCstep_d50_3_500">1.04587</SimpleData>
		<SimpleData name="PCstep_d50_3_1000">1.08766</SimpleData>
		<SimpleData name="pd_3_100">127.310001801223</SimpleData>
		<SimpleData name="pd_3_500">77.6983179158907</SimpleData>
		<SimpleData name="pd_3_1000">73.8747575551249</SimpleData>
		<SimpleData name="pland_3_100">31.5457413249211</SimpleData>
		<SimpleData name="pland_3_500">9.54424946345159</SimpleData>
		<SimpleData name="pland_3_1000">9.80274577875966</SimpleData>
		<SimpleData name="pland_15_100">0</SimpleData>
		<SimpleData name="pland_15_500">0</SimpleData>
		<SimpleData name="pland_15_1000">0</SimpleData>
		<SimpleData name="pland_19_100">0</SimpleData>
		<SimpleData name="pland_19_500">0</SimpleData>
		<SimpleData name="pland_19_1000">0</SimpleData>
		<SimpleData name="pland_21_100">0</SimpleData>
		<SimpleData name="pland_21_500">0</SimpleData>
		<SimpleData name="pland_21_1000">0</SimpleData>
		<SimpleData name="pland_23_100">0</SimpleData>
		<SimpleData name="pland_23_500">0</SimpleData>
		<SimpleData name="pland_23_1000">0</SimpleData>
		<SimpleData name="pland_24_100">48.8958990536278</SimpleData>
		<SimpleData name="pland_24_500">41.7119050624921</SimpleData>
		<SimpleData name="pland_24_1000">33.4164431118826</SimpleData>
		<SimpleData name="pland_25_100">0</SimpleData>
		<SimpleData name="pland_25_500">0</SimpleData>
		<SimpleData name="pland_25_1000">0</SimpleData>
		<SimpleData name="pland_30_100">0</SimpleData>
		<SimpleData name="pland_30_500">0</SimpleData>
		<SimpleData name="pland_30_1000">0</SimpleData>
		<SimpleData name="pland_33_100">19.5583596214511</SimpleData>
		<SimpleData name="pland_33_500">48.7438454740563</SimpleData>
		<SimpleData name="pland_33_1000">56.7808111093577</SimpleData>
		<SimpleData name="pland_36_1000">0</SimpleData>
		<SimpleData name="nearest">3.48714453993871</SimpleData>
		<SimpleData name="mainland50">3054.11855256221</SimpleData>
		<SimpleData name="mainland100">3593.02715889883</SimpleData>
		<SimpleData name="mainland1000">3922.99712777395</SimpleData>
		<SimpleData name="group.1">22</SimpleData>
	</SchemaData></ExtendedData>
      <Point><coordinates>-48.4155249144177,-1.38863076675824</coordinates></Point>
  </Placemark>
  <Placemark>
	<ExtendedData><SchemaData schemaUrl="#sel_trees">
		<SimpleData name="treeID">007840</SimpleData>
		<SimpleData name="group">tree</SimpleData>
		<SimpleData name="id">007840</SimpleData>
		<SimpleData name="area_mn_3_100">0.214087818072965</SimpleData>
		<SimpleData name="area_mn_3_500">0.921004573478195</SimpleData>
		<SimpleData name="area_mn_3_1000">1.09114797821043</SimpleData>
		<SimpleData name="clumpy_3_100">0.627252747252747</SimpleData>
		<SimpleData name="clumpy_3_500">0.799136836860927</SimpleData>
		<SimpleData name="clumpy_3_1000">0.82289287193738</SimpleData>
		<SimpleData name="EC_PC_d10_3_100">6085.02727731332</SimpleData>
		<SimpleData name="EC_PC_d10_3_500">371146.64768005</SimpleData>
		<SimpleData name="EC_PC_d10_3_1000">1654927.27389191</SimpleData>
		<SimpleData name="EC_PC_d100_3_100">8680.8032269639</SimpleData>
		<SimpleData name="EC_PC_d100_3_500">378391.139293507</SimpleData>
		<SimpleData name="EC_PC_d100_3_1000">1658949.43385958</SimpleData>
		<SimpleData name="EC_PC_d50_3_100">7531.06466356515</SimpleData>
		<SimpleData name="EC_PC_d50_3_500">372195.487937843</SimpleData>
		<SimpleData name="EC_PC_d50_3_1000">1655354.60574708</SimpleData>
		<SimpleData name="ed_3_100">322.183985366188</SimpleData>
		<SimpleData name="ed_3_500">193.808976792053</SimpleData>
		<SimpleData name="ed_3_1000">167.546702401173</SimpleData>
		<SimpleData name="PCdirect_d10_3_100">0.64757</SimpleData>
		<SimpleData name="PCdirect_d10_3_500">0.00236000000000474</SimpleData>
		<SimpleData name="PCdirect_d10_3_1000">0.00035</SimpleData>
		<SimpleData name="PCdirect_d100_3_100">51.21791</SimpleData>
		<SimpleData name="PCdirect_d100_3_500">3.78817</SimpleData>
		<SimpleData name="PCdirect_d100_3_1000">0.39904</SimpleData>
		<SimpleData name="PCdirect_d50_3_100">35.18621</SimpleData>
		<SimpleData name="PCdirect_d50_3_500">0.49731</SimpleData>
		<SimpleData name="PCdirect_d50_3_1000">0.0478433333333391</SimpleData>
		<SimpleData name="PCintra_d10_3_100">99.27848</SimpleData>
		<SimpleData name="PCintra_d10_3_500">99.99756</SimpleData>
		<SimpleData name="PCintra_d10_3_1000">99.99963</SimpleData>
		<SimpleData name="PCintra_d100_3_100">48.78209</SimpleData>
		<SimpleData name="PCintra_d100_3_500">96.20521</SimpleData>
		<SimpleData name="PCintra_d100_3_1000">99.51531</SimpleData>
		<SimpleData name="PCintra_d50_3_100">64.81379</SimpleData>
		<SimpleData name="PCintra_d50_3_500">99.43477</SimpleData>
		<SimpleData name="PCintra_d50_3_1000">99.9480033333333</SimpleData>
		<SimpleData name="PCnum_d10_3_100">37027556.9656471</SimpleData>
		<SimpleData name="PCnum_d10_3_500">137749834084.139</SimpleData>
		<SimpleData name="PCnum_d10_3_1000">2738784281871.3</SimpleData>
		<SimpleData name="PCnum_d100_3_100">75356344.6652669</SimpleData>
		<SimpleData name="PCnum_d100_3_500">143179854295.838</SimpleData>
		<SimpleData name="PCnum_d100_3_1000">2752113224103.03</SimpleData>
		<SimpleData name="PCnum_d50_3_100">56716934.9667996</SimpleData>
		<SimpleData name="PCnum_d50_3_500">138529481241.289</SimpleData>
		<SimpleData name="PCnum_d50_3_1000">2740198870768.06</SimpleData>
		<SimpleData name="PCstep_d10_3_100">0.07395</SimpleData>
		<SimpleData name="PCstep_d10_3_500">8.0000000004737e-05</SimpleData>
		<SimpleData name="PCstep_d10_3_1000">2e-05</SimpleData>
		<SimpleData name="PCstep_d100_3_100">0</SimpleData>
		<SimpleData name="PCstep_d100_3_500">0.00662000000000474</SimpleData>
		<SimpleData name="PCstep_d100_3_1000">0.08565</SimpleData>
		<SimpleData name="PCstep_d50_3_100">0</SimpleData>
		<SimpleData name="PCstep_d50_3_500">0.06792</SimpleData>
		<SimpleData name="PCstep_d50_3_1000">0.00415333333333913</SimpleData>
		<SimpleData name="pd_3_100">158.637069855925</SimpleData>
		<SimpleData name="pd_3_500">66.2932167584568</SimpleData>
		<SimpleData name="pd_3_1000">56.9999955202879</SimpleData>
		<SimpleData name="pland_3_100">33.9622641509434</SimpleData>
		<SimpleData name="pland_3_500">61.05635582512</SimpleData>
		<SimpleData name="pland_3_1000">62.1954298699659</SimpleData>
		<SimpleData name="pland_15_100">0</SimpleData>
		<SimpleData name="pland_15_500">1.66793025018954</SimpleData>
		<SimpleData name="pland_15_1000">1.2056558515339</SimpleData>
		<SimpleData name="pland_19_100">0</SimpleData>
		<SimpleData name="pland_19_500">0</SimpleData>
		<SimpleData name="pland_19_1000">0</SimpleData>
		<SimpleData name="pland_21_100">0</SimpleData>
		<SimpleData name="pland_21_500">3.29795299469295</SimpleData>
		<SimpleData name="pland_21_1000">2.9762656230274</SimpleData>
		<SimpleData name="pland_23_100">0</SimpleData>
		<SimpleData name="pland_23_500">0</SimpleData>
		<SimpleData name="pland_23_1000">0</SimpleData>
		<SimpleData name="pland_24_100">66.0377358490566</SimpleData>
		<SimpleData name="pland_24_500">32.9037149355572</SimpleData>
		<SimpleData name="pland_24_1000">29.1314228001515</SimpleData>
		<SimpleData name="pland_25_100">0</SimpleData>
		<SimpleData name="pland_25_500">1.01086681829669</SimpleData>
		<SimpleData name="pland_25_1000">0.252493372048984</SimpleData>
		<SimpleData name="pland_30_100">0</SimpleData>
		<SimpleData name="pland_30_500">0</SimpleData>
		<SimpleData name="pland_30_1000">0</SimpleData>
		<SimpleData name="pland_33_100">0</SimpleData>
		<SimpleData name="pland_33_500">0.0631791761435431</SimpleData>
		<SimpleData name="pland_33_1000">3.20666582502209</SimpleData>
		<SimpleData name="pland_36_1000">1.03206665825022</SimpleData>
		<SimpleData name="nearest">11.8074847900783</SimpleData>
		<SimpleData name="mainland50">651.642489938167</SimpleData>
		<SimpleData name="mainland100">1221.99595128442</SimpleData>
		<SimpleData name="mainland1000">1221.99595128442</SimpleData>
		<SimpleData name="group.1">23</SimpleData>
	</SchemaData></ExtendedData>
      <Point><coordinates>-48.4319816715505,-1.40309555944126</coordinates></Point>
  </Placemark>
  <Placemark>
	<ExtendedData><SchemaData schemaUrl="#sel_trees">
		<SimpleData name="treeID">001657</SimpleData>
		<SimpleData name="group">tree</SimpleData>
		<SimpleData name="id">001657</SimpleData>
		<SimpleData name="area_mn_3_100">0.0555042491300279</SimpleData>
		<SimpleData name="area_mn_3_500">0.797983708722773</SimpleData>
		<SimpleData name="area_mn_3_1000">3.26209183484037</SimpleData>
		<SimpleData name="clumpy_3_100">0.610232913325697</SimpleData>
		<SimpleData name="clumpy_3_500">0.836216114208688</SimpleData>
		<SimpleData name="clumpy_3_1000">0.861776237299241</SimpleData>
		<SimpleData name="EC_PC_d10_3_100">1472.73076371163</SimpleData>
		<SimpleData name="EC_PC_d10_3_500">185773.354656744</SimpleData>
		<SimpleData name="EC_PC_d10_3_1000">1266091.54616964</SimpleData>
		<SimpleData name="EC_PC_d100_3_100">2309.68311734061</SimpleData>
		<SimpleData name="EC_PC_d100_3_500">194878.430003774</SimpleData>
		<SimpleData name="EC_PC_d100_3_1000">1272454.18502518</SimpleData>
		<SimpleData name="EC_PC_d50_3_100">2007.91630896828</SimpleData>
		<SimpleData name="EC_PC_d50_3_500">186937.196703408</SimpleData>
		<SimpleData name="EC_PC_d50_3_1000">1266461.87712745</SimpleData>
		<SimpleData name="ed_3_100">157.438237363194</SimpleData>
		<SimpleData name="ed_3_500">154.512168783926</SimpleData>
		<SimpleData name="ed_3_1000">135.020133496045</SimpleData>
		<SimpleData name="PCdirect_d10_3_100">2.97005</SimpleData>
		<SimpleData name="PCdirect_d10_3_500">0.00322</SimpleData>
		<SimpleData name="PCdirect_d10_3_1000">0.00013</SimpleData>
		<SimpleData name="PCdirect_d100_3_100">60.59191</SimpleData>
		<SimpleData name="PCdirect_d100_3_500">8.54791</SimpleData>
		<SimpleData name="PCdirect_d100_3_1000">0.872740000000005</SimpleData>
		<SimpleData name="PCdirect_d50_3_100">47.85665</SimpleData>
		<SimpleData name="PCdirect_d50_3_500">1.04268</SimpleData>
		<SimpleData name="PCdirect_d50_3_1000">0.03132</SimpleData>
		<SimpleData name="PCintra_d10_3_100">96.92671</SimpleData>
		<SimpleData name="PCintra_d10_3_500">99.99663</SimpleData>
		<SimpleData name="PCintra_d10_3_1000">99.99987</SimpleData>
		<SimpleData name="PCintra_d100_3_100">39.40809</SimpleData>
		<SimpleData name="PCintra_d100_3_500">90.87087</SimpleData>
		<SimpleData name="PCintra_d100_3_1000">99.00231</SimpleData>
		<SimpleData name="PCintra_d50_3_100">52.14335</SimpleData>
		<SimpleData name="PCintra_d50_3_500">98.75538</SimpleData>
		<SimpleData name="PCintra_d50_3_1000">99.9414</SimpleData>
		<SimpleData name="PCnum_d10_3_100">2168935.90238264</SimpleData>
		<SimpleData name="PCnum_d10_3_500">34511739300.4206</SimpleData>
		<SimpleData name="PCnum_d10_3_1000">1602987803282.23</SimpleData>
		<SimpleData name="PCnum_d100_3_100">5334636.10252823</SimpleData>
		<SimpleData name="PCnum_d100_3_500">37977602480.736</SimpleData>
		<SimpleData name="PCnum_d100_3_1000">1619139652988.1</SimpleData>
		<SimpleData name="PCnum_d50_3_100">4031727.90382078</SimpleData>
		<SimpleData name="PCnum_d50_3_500">34945515511.3286</SimpleData>
		<SimpleData name="PCnum_d50_3_1000">1603925686217.18</SimpleData>
		<SimpleData name="PCstep_d10_3_100">0.10324</SimpleData>
		<SimpleData name="PCstep_d10_3_500">0.00015</SimpleData>
		<SimpleData name="PCstep_d10_3_1000">0</SimpleData>
		<SimpleData name="PCstep_d100_3_100">0</SimpleData>
		<SimpleData name="PCstep_d100_3_500">0.58122</SimpleData>
		<SimpleData name="PCstep_d100_3_1000">0.124950000000005</SimpleData>
		<SimpleData name="PCstep_d50_3_100">0</SimpleData>
		<SimpleData name="PCstep_d50_3_500">0.20194</SimpleData>
		<SimpleData name="PCstep_d50_3_1000">0.02729</SimpleData>
		<SimpleData name="pd_3_100">158.139774966094</SimpleData>
		<SimpleData name="pd_3_500">57.3401482606149</SimpleData>
		<SimpleData name="pd_3_1000">18.1508365623263</SimpleData>
		<SimpleData name="pland_3_100">8.77742946708464</SimpleData>
		<SimpleData name="pland_3_500">45.7565041677191</SimpleData>
		<SimpleData name="pland_3_1000">59.2096957454867</SimpleData>
		<SimpleData name="pland_15_100">0</SimpleData>
		<SimpleData name="pland_15_500">0</SimpleData>
		<SimpleData name="pland_15_1000">0.378740058073476</SimpleData>
		<SimpleData name="pland_19_100">0</SimpleData>
		<SimpleData name="pland_19_500">6.2768375852488</SimpleData>
		<SimpleData name="pland_19_1000">3.01729579598536</SimpleData>
		<SimpleData name="pland_21_100">0</SimpleData>
		<SimpleData name="pland_21_500">0.467289719626168</SimpleData>
		<SimpleData name="pland_21_1000">5.87993940159071</SimpleData>
		<SimpleData name="pland_23_100">0</SimpleData>
		<SimpleData name="pland_23_500">0</SimpleData>
		<SimpleData name="pland_23_1000">0</SimpleData>
		<SimpleData name="pland_24_100">88.7147335423198</SimpleData>
		<SimpleData name="pland_24_500">28.7446324829502</SimpleData>
		<SimpleData name="pland_24_1000">11.901906324959</SimpleData>
		<SimpleData name="pland_25_100">0</SimpleData>
		<SimpleData name="pland_25_500">13.8545087143218</SimpleData>
		<SimpleData name="pland_25_1000">14.628834743088</SimpleData>
		<SimpleData name="pland_30_100">2.50783699059561</SimpleData>
		<SimpleData name="pland_30_500">4.90022733013387</SimpleData>
		<SimpleData name="pland_30_1000">4.98358793081682</SimpleData>
		<SimpleData name="pland_33_100">0</SimpleData>
		<SimpleData name="pland_33_500">0</SimpleData>
		<SimpleData name="pland_33_1000">0</SimpleData>
		<SimpleData name="pland_36_1000">0</SimpleData>
		<SimpleData name="nearest">19.4065561588582</SimpleData>
		<SimpleData name="mainland50">427.538977053279</SimpleData>
		<SimpleData name="mainland100">1024.88951317838</SimpleData>
		<SimpleData name="mainland1000">1024.88951317838</SimpleData>
		<SimpleData name="group.1">24</SimpleData>
	</SchemaData></ExtendedData>
      <Point><coordinates>-48.4599763791021,-1.1491176568583</coordinates></Point>
  </Placemark>
  <Placemark>
	<ExtendedData><SchemaData schemaUrl="#sel_trees">
		<SimpleData name="treeID">001783</SimpleData>
		<SimpleData name="group">tree</SimpleData>
		<SimpleData name="id">001783</SimpleData>
		<SimpleData name="area_mn_3_100">0.867253892656686</SimpleData>
		<SimpleData name="area_mn_3_500">3.89597133317333</SimpleData>
		<SimpleData name="area_mn_3_1000">25.5666447555614</SimpleData>
		<SimpleData name="clumpy_3_100">0.719867620369382</SimpleData>
		<SimpleData name="clumpy_3_500">0.867892044227033</SimpleData>
		<SimpleData name="clumpy_3_1000">0.912490151688747</SimpleData>
		<SimpleData name="EC_PC_d10_3_100">16558.6872366195</SimpleData>
		<SimpleData name="EC_PC_d10_3_500">474546.298491103</SimpleData>
		<SimpleData name="EC_PC_d10_3_1000">1991205.46012763</SimpleData>
		<SimpleData name="EC_PC_d100_3_100">17039.9849527188</SimpleData>
		<SimpleData name="EC_PC_d100_3_500">476331.386552061</SimpleData>
		<SimpleData name="EC_PC_d100_3_1000">1993870.07427381</SimpleData>
		<SimpleData name="EC_PC_d50_3_100">16852.596440968</SimpleData>
		<SimpleData name="EC_PC_d50_3_500">474820.550811167</SimpleData>
		<SimpleData name="EC_PC_d50_3_1000">1991785.15269823</SimpleData>
		<SimpleData name="ed_3_100">304.47571117051</SimpleData>
		<SimpleData name="ed_3_500">117.611553581744</SimpleData>
		<SimpleData name="ed_3_1000">81.432090252505</SimpleData>
		<SimpleData name="PCdirect_d10_3_100">0</SimpleData>
		<SimpleData name="PCdirect_d10_3_500">0.0003</SimpleData>
		<SimpleData name="PCdirect_d10_3_1000">0.0059</SimpleData>
		<SimpleData name="PCdirect_d100_3_100">5.56926</SimpleData>
		<SimpleData name="PCdirect_d100_3_500">0.748380000000005</SimpleData>
		<SimpleData name="PCdirect_d100_3_1000">0.27089</SimpleData>
		<SimpleData name="PCdirect_d50_3_100">3.45758</SimpleData>
		<SimpleData name="PCdirect_d50_3_500">0.106850000000005</SimpleData>
		<SimpleData name="PCdirect_d50_3_1000">0.06217</SimpleData>
		<SimpleData name="PCintra_d10_3_100">100</SimpleData>
		<SimpleData name="PCintra_d10_3_500">99.9997</SimpleData>
		<SimpleData name="PCintra_d10_3_1000">99.9941</SimpleData>
		<SimpleData name="PCintra_d100_3_100">94.43074</SimpleData>
		<SimpleData name="PCintra_d100_3_500">99.25159</SimpleData>
		<SimpleData name="PCintra_d100_3_1000">99.72701</SimpleData>
		<SimpleData name="PCintra_d50_3_100">96.54242</SimpleData>
		<SimpleData name="PCintra_d50_3_500">99.88421</SimpleData>
		<SimpleData name="PCintra_d50_3_1000">99.9359</SimpleData>
		<SimpleData name="PCnum_d10_3_100">274190123.000187</SimpleData>
		<SimpleData name="PCnum_d10_3_500">225194189411.607</SimpleData>
		<SimpleData name="PCnum_d10_3_1000">3964899184442.09</SimpleData>
		<SimpleData name="PCnum_d100_3_100">290361087.188883</SimpleData>
		<SimpleData name="PCnum_d100_3_500">226891589814.609</SimpleData>
		<SimpleData name="PCnum_d100_3_1000">3975517873084.63</SimpleData>
		<SimpleData name="PCnum_d50_3_100">284010006.802127</SimpleData>
		<SimpleData name="PCnum_d50_3_500">225454555472.62</SimpleData>
		<SimpleData name="PCnum_d50_3_1000">3967208094509.1</SimpleData>
		<SimpleData name="PCstep_d10_3_100">0</SimpleData>
		<SimpleData name="PCstep_d10_3_500">0</SimpleData>
		<SimpleData name="PCstep_d10_3_1000">0</SimpleData>
		<SimpleData name="PCstep_d100_3_100">0</SimpleData>
		<SimpleData name="PCstep_d100_3_500">3.0000000004737e-05</SimpleData>
		<SimpleData name="PCstep_d100_3_1000">0.0021</SimpleData>
		<SimpleData name="PCstep_d50_3_100">0</SimpleData>
		<SimpleData name="PCstep_d50_3_500">0.00894000000000474</SimpleData>
		<SimpleData name="PCstep_d50_3_1000">0.00193</SimpleData>
		<SimpleData name="pd_3_100">63.05823526773</SimpleData>
		<SimpleData name="pd_3_500">16.5670240440334</SimpleData>
		<SimpleData name="pd_3_1000">2.54812921904789</SimpleData>
		<SimpleData name="pland_3_100">54.6875</SimpleData>
		<SimpleData name="pland_3_500">64.5446507515473</SimpleData>
		<SimpleData name="pland_3_1000">65.1471145346635</SimpleData>
		<SimpleData name="pland_15_100">29.0625</SimpleData>
		<SimpleData name="pland_15_500">10.7995452823039</SimpleData>
		<SimpleData name="pland_15_1000">7.01161762848845</SimpleData>
		<SimpleData name="pland_19_100">0</SimpleData>
		<SimpleData name="pland_19_500">0.467348743210812</SimpleData>
		<SimpleData name="pland_19_1000">0.280969819421644</SimpleData>
		<SimpleData name="pland_21_100">7.5</SimpleData>
		<SimpleData name="pland_21_500">12.7068333964886</SimpleData>
		<SimpleData name="pland_21_1000">9.85288546533653</SimpleData>
		<SimpleData name="pland_23_100">0</SimpleData>
		<SimpleData name="pland_23_500">0</SimpleData>
		<SimpleData name="pland_23_1000">0</SimpleData>
		<SimpleData name="pland_24_100">8.75</SimpleData>
		<SimpleData name="pland_24_500">11.0647972716938</SimpleData>
		<SimpleData name="pland_24_1000">5.39209496148504</SimpleData>
		<SimpleData name="pland_25_100">0</SimpleData>
		<SimpleData name="pland_25_500">0.416824554755589</SimpleData>
		<SimpleData name="pland_25_1000">0.287283747947973</SimpleData>
		<SimpleData name="pland_30_100">0</SimpleData>
		<SimpleData name="pland_30_500">0</SimpleData>
		<SimpleData name="pland_30_1000">0</SimpleData>
		<SimpleData name="pland_33_100">0</SimpleData>
		<SimpleData name="pland_33_500">0</SimpleData>
		<SimpleData name="pland_33_1000">12.0280338426569</SimpleData>
		<SimpleData name="pland_36_1000">0</SimpleData>
		<SimpleData name="nearest">7.3910537665226</SimpleData>
		<SimpleData name="mainland50">1114.36843259513</SimpleData>
		<SimpleData name="mainland100">1114.36843259513</SimpleData>
		<SimpleData name="mainland1000">4470.30087006469</SimpleData>
		<SimpleData name="group.1">25</SimpleData>
	</SchemaData></ExtendedData>
      <Point><coordinates>-48.4719639664774,-1.46232847140655</coordinates></Point>
  </Placemark>
  <Placemark>
	<ExtendedData><SchemaData schemaUrl="#sel_trees">
		<SimpleData name="treeID">001866</SimpleData>
		<SimpleData name="group">tree</SimpleData>
		<SimpleData name="id">001866</SimpleData>
		<SimpleData name="area_mn_3_100">0.14867209588392</SimpleData>
		<SimpleData name="area_mn_3_500">1.04847312304672</SimpleData>
		<SimpleData name="area_mn_3_1000">1.3417459997342</SimpleData>
		<SimpleData name="clumpy_3_100">0.595877529526819</SimpleData>
		<SimpleData name="clumpy_3_500">0.729670974123167</SimpleData>
		<SimpleData name="clumpy_3_1000">0.792339904272059</SimpleData>
		<SimpleData name="EC_PC_d10_3_100">6230.31544304733</SimpleData>
		<SimpleData name="EC_PC_d10_3_500">201173.163596428</SimpleData>
		<SimpleData name="EC_PC_d10_3_1000">863637.409635797</SimpleData>
		<SimpleData name="EC_PC_d100_3_100">8436.95770453456</SimpleData>
		<SimpleData name="EC_PC_d100_3_500">215604.196468502</SimpleData>
		<SimpleData name="EC_PC_d100_3_1000">869714.561886136</SimpleData>
		<SimpleData name="EC_PC_d50_3_100">7389.6461139574</SimpleData>
		<SimpleData name="EC_PC_d50_3_500">202938.430108026</SimpleData>
		<SimpleData name="EC_PC_d50_3_1000">864172.324445539</SimpleData>
		<SimpleData name="ed_3_100">336.937756848131</SimpleData>
		<SimpleData name="ed_3_500">274.865014917729</SimpleData>
		<SimpleData name="ed_3_1000">206.818400198971</SimpleData>
		<SimpleData name="PCdirect_d10_3_100">0.58948</SimpleData>
		<SimpleData name="PCdirect_d10_3_500">0.00236</SimpleData>
		<SimpleData name="PCdirect_d10_3_1000">0.000503333333329654</SimpleData>
		<SimpleData name="PCdirect_d100_3_100">45.80421</SimpleData>
		<SimpleData name="PCdirect_d100_3_500">12.83283</SimpleData>
		<SimpleData name="PCdirect_d100_3_1000">1.16571</SimpleData>
		<SimpleData name="PCdirect_d50_3_100">29.3536</SimpleData>
		<SimpleData name="PCdirect_d50_3_500">1.29739</SimpleData>
		<SimpleData name="PCdirect_d50_3_1000">0.1088</SimpleData>
		<SimpleData name="PCintra_d10_3_100">99.38418</SimpleData>
		<SimpleData name="PCintra_d10_3_500">99.99758</SimpleData>
		<SimpleData name="PCintra_d10_3_1000">99.9994733333333</SimpleData>
		<SimpleData name="PCintra_d100_3_100">54.19579</SimpleData>
		<SimpleData name="PCintra_d100_3_500">87.05929</SimpleData>
		<SimpleData name="PCintra_d100_3_1000">98.60686</SimpleData>
		<SimpleData name="PCintra_d50_3_100">70.6464</SimpleData>
		<SimpleData name="PCintra_d50_3_500">98.26548</SimpleData>
		<SimpleData name="PCintra_d50_3_1000">99.87572</SimpleData>
		<SimpleData name="PCnum_d10_3_100">38816830.519874</SimpleData>
		<SimpleData name="PCnum_d10_3_500">40470641751.3953</SimpleData>
		<SimpleData name="PCnum_d10_3_1000">745869575322.429</SimpleData>
		<SimpleData name="PCnum_d100_3_100">71182255.308105</SimpleData>
		<SimpleData name="PCnum_d100_3_500">46485169534.8285</SimpleData>
		<SimpleData name="PCnum_d100_3_1000">756403419156.793</SimpleData>
		<SimpleData name="PCnum_d50_3_100">54606869.6895257</SimpleData>
		<SimpleData name="PCnum_d50_3_500">41184006414.7102</SimpleData>
		<SimpleData name="PCnum_d50_3_1000">746793806337.605</SimpleData>
		<SimpleData name="PCstep_d10_3_100">0.02635</SimpleData>
		<SimpleData name="PCstep_d10_3_500">7e-05</SimpleData>
		<SimpleData name="PCstep_d10_3_1000">2.33333333296544e-05</SimpleData>
		<SimpleData name="PCstep_d100_3_100">0</SimpleData>
		<SimpleData name="PCstep_d100_3_500">0.10788</SimpleData>
		<SimpleData name="PCstep_d100_3_1000">0.22743</SimpleData>
		<SimpleData name="PCstep_d50_3_100">0</SimpleData>
		<SimpleData name="PCstep_d50_3_500">0.43713</SimpleData>
		<SimpleData name="PCstep_d50_3_1000">0.01549</SimpleData>
		<SimpleData name="pd_3_100">223.497542721193</SimpleData>
		<SimpleData name="pd_3_500">47.1403905523879</SimpleData>
		<SimpleData name="pd_3_1000">40.1153052380983</SimpleData>
		<SimpleData name="pland_3_100">33.2278481012658</SimpleData>
		<SimpleData name="pland_3_500">49.4254325041041</SimpleData>
		<SimpleData name="pland_3_1000">53.8245503313348</SimpleData>
		<SimpleData name="pland_15_100">7.27848101265823</SimpleData>
		<SimpleData name="pland_15_500">6.3391842404344</SimpleData>
		<SimpleData name="pland_15_1000">4.31366361628274</SimpleData>
		<SimpleData name="pland_19_100">0</SimpleData>
		<SimpleData name="pland_19_500">0.214673569895189</SimpleData>
		<SimpleData name="pland_19_1000">2.1173871883875</SimpleData>
		<SimpleData name="pland_21_100">12.3417721518987</SimpleData>
		<SimpleData name="pland_21_500">6.14976638464453</SimpleData>
		<SimpleData name="pland_21_1000">2.57810034711265</SimpleData>
		<SimpleData name="pland_23_100">0</SimpleData>
		<SimpleData name="pland_23_500">0</SimpleData>
		<SimpleData name="pland_23_1000">0</SimpleData>
		<SimpleData name="pland_24_100">47.1518987341772</SimpleData>
		<SimpleData name="pland_24_500">37.8709433009218</SimpleData>
		<SimpleData name="pland_24_1000">36.0239823288104</SimpleData>
		<SimpleData name="pland_25_100">0</SimpleData>
		<SimpleData name="pland_25_500">0</SimpleData>
		<SimpleData name="pland_25_1000">1.12969390975071</SimpleData>
		<SimpleData name="pland_30_100">0</SimpleData>
		<SimpleData name="pland_30_500">0</SimpleData>
		<SimpleData name="pland_30_1000">0</SimpleData>
		<SimpleData name="pland_33_100">0</SimpleData>
		<SimpleData name="pland_33_500">0</SimpleData>
		<SimpleData name="pland_33_1000">0.012622278321237</SimpleData>
		<SimpleData name="pland_36_1000">0</SimpleData>
		<SimpleData name="nearest">19.2956171254887</SimpleData>
		<SimpleData name="mainland50">1356.75352665082</SimpleData>
		<SimpleData name="mainland100">1356.75352665082</SimpleData>
		<SimpleData name="mainland1000">1356.75352665082</SimpleData>
		<SimpleData name="group.1">26</SimpleData>
	</SchemaData></ExtendedData>
      <Point><coordinates>-48.4146171416209,-1.32237247371295</coordinates></Point>
  </Placemark>
  <Placemark>
	<ExtendedData><SchemaData schemaUrl="#sel_trees">
		<SimpleData name="treeID">003428</SimpleData>
		<SimpleData name="group">tree</SimpleData>
		<SimpleData name="id">003428</SimpleData>
		<SimpleData name="area_mn_3_100">0.13215297411904</SimpleData>
		<SimpleData name="area_mn_3_500">0.361237794880658</SimpleData>
		<SimpleData name="area_mn_3_1000">0.599966682799591</SimpleData>
		<SimpleData name="clumpy_3_100">0.489149489209938</SimpleData>
		<SimpleData name="clumpy_3_500">0.621621394736797</SimpleData>
		<SimpleData name="clumpy_3_1000">0.672186212039701</SimpleData>
		<SimpleData name="EC_PC_d10_3_100">4269.57548181423</SimpleData>
		<SimpleData name="EC_PC_d10_3_500">56581.9435789013</SimpleData>
		<SimpleData name="EC_PC_d10_3_1000">307006.821572832</SimpleData>
		<SimpleData name="EC_PC_d100_3_100">6567.56595163283</SimpleData>
		<SimpleData name="EC_PC_d100_3_500">86352.0449786621</SimpleData>
		<SimpleData name="EC_PC_d100_3_1000">336101.895523172</SimpleData>
		<SimpleData name="EC_PC_d50_3_100">5707.73939561537</SimpleData>
		<SimpleData name="EC_PC_d50_3_500">65709.7886156294</SimpleData>
		<SimpleData name="EC_PC_d50_3_1000">312997.812948795</SimpleData>
		<SimpleData name="ed_3_100">381.885810130702</SimpleData>
		<SimpleData name="ed_3_500">293.56338017689</SimpleData>
		<SimpleData name="ed_3_1000">284.519787404798</SimpleData>
		<SimpleData name="PCdirect_d10_3_100">1.74624</SimpleData>
		<SimpleData name="PCdirect_d10_3_500">0.143080000000005</SimpleData>
		<SimpleData name="PCdirect_d10_3_1000">0.04367</SimpleData>
		<SimpleData name="PCdirect_d100_3_100">58.59418</SimpleData>
		<SimpleData name="PCdirect_d100_3_500">56.6768</SimpleData>
		<SimpleData name="PCdirect_d100_3_1000">15.5010333333333</SimpleData>
		<SimpleData name="PCdirect_d50_3_100">45.17962</SimpleData>
		<SimpleData name="PCdirect_d50_3_500">24.81235</SimpleData>
		<SimpleData name="PCdirect_d50_3_1000">3.56102</SimpleData>
		<SimpleData name="PCintra_d10_3_100">97.97176</SimpleData>
		<SimpleData name="PCintra_d10_3_500">99.84682</SimpleData>
		<SimpleData name="PCintra_d10_3_1000">99.95562</SimpleData>
		<SimpleData name="PCintra_d100_3_100">41.40582</SimpleData>
		<SimpleData name="PCintra_d100_3_500">42.86913</SimpleData>
		<SimpleData name="PCintra_d100_3_1000">83.3990933333333</SimpleData>
		<SimpleData name="PCintra_d50_3_100">54.82038</SimpleData>
		<SimpleData name="PCintra_d50_3_500">74.03376</SimpleData>
		<SimpleData name="PCintra_d50_3_1000">96.1658</SimpleData>
		<SimpleData name="PCnum_d10_3_100">18229274.7949092</SimpleData>
		<SimpleData name="PCnum_d10_3_500">3201516339.16597</SimpleData>
		<SimpleData name="PCnum_d10_3_1000">94253188492.2525</SimpleData>
		<SimpleData name="PCnum_d100_3_100">43132922.5290468</SimpleData>
		<SimpleData name="PCnum_d100_3_500">7456675671.99689</SimpleData>
		<SimpleData name="PCnum_d100_3_1000">112964484174.269</SimpleData>
		<SimpleData name="PCnum_d50_3_100">32578289.0082597</SimpleData>
		<SimpleData name="PCnum_d50_3_500">4317776319.9107</SimpleData>
		<SimpleData name="PCnum_d50_3_1000">97967630910.729</SimpleData>
		<SimpleData name="PCstep_d10_3_100">0.282</SimpleData>
		<SimpleData name="PCstep_d10_3_500">0.0101000000000047</SimpleData>
		<SimpleData name="PCstep_d10_3_1000">0.00071</SimpleData>
		<SimpleData name="PCstep_d100_3_100">0</SimpleData>
		<SimpleData name="PCstep_d100_3_500">0.45407</SimpleData>
		<SimpleData name="PCstep_d100_3_1000">1.09987333333333</SimpleData>
		<SimpleData name="PCstep_d50_3_100">0</SimpleData>
		<SimpleData name="PCstep_d50_3_500">1.15389</SimpleData>
		<SimpleData name="PCstep_d50_3_1000">0.27318</SimpleData>
		<SimpleData name="pd_3_100">193.405450022539</SimpleData>
		<SimpleData name="pd_3_500">71.3296033326508</SimpleData>
		<SimpleData name="pd_3_1000">53.8020535666848</SimpleData>
		<SimpleData name="pland_3_100">25.5591054313099</SimpleData>
		<SimpleData name="pland_3_500">25.7669486175988</SimpleData>
		<SimpleData name="pland_3_1000">32.2794396062098</SimpleData>
		<SimpleData name="pland_15_100">1.91693290734824</SimpleData>
		<SimpleData name="pland_15_500">13.6346420906451</SimpleData>
		<SimpleData name="pland_15_1000">12.1607976776474</SimpleData>
		<SimpleData name="pland_19_100">0</SimpleData>
		<SimpleData name="pland_19_500">0.479737406893069</SimpleData>
		<SimpleData name="pland_19_1000">0.160923892464975</SimpleData>
		<SimpleData name="pland_21_100">0</SimpleData>
		<SimpleData name="pland_21_500">10.9708370155283</SimpleData>
		<SimpleData name="pland_21_1000">13.6501325255585</SimpleData>
		<SimpleData name="pland_23_100">0</SimpleData>
		<SimpleData name="pland_23_500">0</SimpleData>
		<SimpleData name="pland_23_1000">0</SimpleData>
		<SimpleData name="pland_24_100">72.5239616613419</SimpleData>
		<SimpleData name="pland_24_500">49.1478348693347</SimpleData>
		<SimpleData name="pland_24_1000">38.8362993815474</SimpleData>
		<SimpleData name="pland_25_100">0</SimpleData>
		<SimpleData name="pland_25_500">0</SimpleData>
		<SimpleData name="pland_25_1000">2.91240691657201</SimpleData>
		<SimpleData name="pland_30_100">0</SimpleData>
		<SimpleData name="pland_30_500">0</SimpleData>
		<SimpleData name="pland_30_1000">0</SimpleData>
		<SimpleData name="pland_33_100">0</SimpleData>
		<SimpleData name="pland_33_500">0</SimpleData>
		<SimpleData name="pland_33_1000">0</SimpleData>
		<SimpleData name="pland_36_1000">0</SimpleData>
		<SimpleData name="nearest">9.31530831286662</SimpleData>
		<SimpleData name="mainland50">740.069657637414</SimpleData>
		<SimpleData name="mainland100">740.069657637414</SimpleData>
		<SimpleData name="mainland1000">3512.83442213198</SimpleData>
		<SimpleData name="group.1">27</SimpleData>
	</SchemaData></ExtendedData>
      <Point><coordinates>-48.4519855631717,-1.25295039295289</coordinates></Point>
  </Placemark>
  <Placemark>
	<ExtendedData><SchemaData schemaUrl="#sel_trees">
		<SimpleData name="treeID">002068</SimpleData>
		<SimpleData name="group">tree</SimpleData>
		<SimpleData name="id">002068</SimpleData>
		<SimpleData name="area_mn_3_100">0.966368623246021</SimpleData>
		<SimpleData name="area_mn_3_500">6.66271244518302</SimpleData>
		<SimpleData name="area_mn_3_1000">15.2399911029199</SimpleData>
		<SimpleData name="clumpy_3_100">0.495000228300078</SimpleData>
		<SimpleData name="clumpy_3_500">0.822984297687407</SimpleData>
		<SimpleData name="clumpy_3_1000">0.778972204718389</SimpleData>
		<SimpleData name="EC_PC_d10_3_100">13455.353132383</SimpleData>
		<SimpleData name="EC_PC_d10_3_500">596976.886414054</SimpleData>
		<SimpleData name="EC_PC_d10_3_1000">2733684.49500621</SimpleData>
		<SimpleData name="EC_PC_d100_3_100">16602.5579412214</SimpleData>
		<SimpleData name="EC_PC_d100_3_500">597601.426374563</SimpleData>
		<SimpleData name="EC_PC_d100_3_1000">2733747.07303839</SimpleData>
		<SimpleData name="EC_PC_d50_3_100">15095.0616927249</SimpleData>
		<SimpleData name="EC_PC_d50_3_500">597226.57461071</SimpleData>
		<SimpleData name="EC_PC_d50_3_1000">2733685.02242029</SimpleData>
		<SimpleData name="ed_3_100">467.262738270337</SimpleData>
		<SimpleData name="ed_3_500">124.558119358193</SimpleData>
		<SimpleData name="ed_3_1000">95.3515167344313</SimpleData>
		<SimpleData name="PCdirect_d10_3_100">0.06687</SimpleData>
		<SimpleData name="PCdirect_d10_3_500">0.00278</SimpleData>
		<SimpleData name="PCdirect_d10_3_1000">0</SimpleData>
		<SimpleData name="PCdirect_d100_3_100">34.37777</SimpleData>
		<SimpleData name="PCdirect_d100_3_500">0.21168</SimpleData>
		<SimpleData name="PCdirect_d100_3_1000">0.00410000000000474</SimpleData>
		<SimpleData name="PCdirect_d50_3_100">20.61633</SimpleData>
		<SimpleData name="PCdirect_d50_3_500">0.0859533333333344</SimpleData>
		<SimpleData name="PCdirect_d50_3_1000">4e-05</SimpleData>
		<SimpleData name="PCintra_d10_3_100">99.91041</SimpleData>
		<SimpleData name="PCintra_d10_3_500">99.99722</SimpleData>
		<SimpleData name="PCintra_d10_3_1000">100</SimpleData>
		<SimpleData name="PCintra_d100_3_100">65.62223</SimpleData>
		<SimpleData name="PCintra_d100_3_500">99.78832</SimpleData>
		<SimpleData name="PCintra_d100_3_1000">99.99542</SimpleData>
		<SimpleData name="PCintra_d50_3_100">79.38367</SimpleData>
		<SimpleData name="PCintra_d50_3_500">99.9136233333333</SimpleData>
		<SimpleData name="PCintra_d50_3_1000">99.99996</SimpleData>
		<SimpleData name="PCnum_d10_3_100">181046527.917129</SimpleData>
		<SimpleData name="PCnum_d10_3_500">356381402912.618</SimpleData>
		<SimpleData name="PCnum_d10_3_1000">7473030918237.38</SimpleData>
		<SimpleData name="PCnum_d100_3_100">275644930.191615</SimpleData>
		<SimpleData name="PCnum_d100_3_500">357127464804.912</SimpleData>
		<SimpleData name="PCnum_d100_3_1000">7473373059345.97</SimpleData>
		<SimpleData name="PCnum_d50_3_100">227860887.50717</SimpleData>
		<SimpleData name="PCnum_d50_3_500">356679581421.242</SimpleData>
		<SimpleData name="PCnum_d50_3_1000">7473033801805.04</SimpleData>
		<SimpleData name="PCstep_d10_3_100">0.02272</SimpleData>
		<SimpleData name="PCstep_d10_3_500">0</SimpleData>
		<SimpleData name="PCstep_d10_3_1000">0</SimpleData>
		<SimpleData name="PCstep_d100_3_100">0</SimpleData>
		<SimpleData name="PCstep_d100_3_500">0</SimpleData>
		<SimpleData name="PCstep_d100_3_1000">0.000480000000004737</SimpleData>
		<SimpleData name="PCstep_d50_3_100">0</SimpleData>
		<SimpleData name="PCstep_d50_3_500">0.000423333333334391</SimpleData>
		<SimpleData name="PCstep_d50_3_1000">0</SimpleData>
		<SimpleData name="pd_3_100">63.8564407774482</SimpleData>
		<SimpleData name="pd_3_500">11.4665814857155</SimpleData>
		<SimpleData name="pd_3_1000">5.7313004566782</SimpleData>
		<SimpleData name="pland_3_100">61.7088607594937</SimpleData>
		<SimpleData name="pland_3_500">76.3985351685819</SimpleData>
		<SimpleData name="pland_3_1000">87.3449679679364</SimpleData>
		<SimpleData name="pland_15_100">15.8227848101266</SimpleData>
		<SimpleData name="pland_15_500">4.83646925116808</SimpleData>
		<SimpleData name="pland_15_1000">1.56215482690062</SimpleData>
		<SimpleData name="pland_19_100">0</SimpleData>
		<SimpleData name="pland_19_500">0</SimpleData>
		<SimpleData name="pland_19_1000">0</SimpleData>
		<SimpleData name="pland_21_100">18.0379746835443</SimpleData>
		<SimpleData name="pland_21_500">11.0872584922339</SimpleData>
		<SimpleData name="pland_21_1000">4.22255183513744</SimpleData>
		<SimpleData name="pland_23_100">0</SimpleData>
		<SimpleData name="pland_23_500">0.176789998737214</SimpleData>
		<SimpleData name="pland_23_1000">0.0473380250575946</SimpleData>
		<SimpleData name="pland_24_100">3.79746835443038</SimpleData>
		<SimpleData name="pland_24_500">5.36683924737972</SimpleData>
		<SimpleData name="pland_24_1000">6.22021649256793</SimpleData>
		<SimpleData name="pland_25_100">0.632911392405063</SimpleData>
		<SimpleData name="pland_25_500">2.13410784189923</SimpleData>
		<SimpleData name="pland_25_1000">0.602770852400038</SimpleData>
		<SimpleData name="pland_30_100">0</SimpleData>
		<SimpleData name="pland_30_500">0</SimpleData>
		<SimpleData name="pland_30_1000">0</SimpleData>
		<SimpleData name="pland_33_100">0</SimpleData>
		<SimpleData name="pland_33_500">0</SimpleData>
		<SimpleData name="pland_33_1000">0</SimpleData>
		<SimpleData name="pland_36_1000">0</SimpleData>
		<SimpleData name="nearest">5.60491002409411</SimpleData>
		<SimpleData name="mainland50">577.457978923563</SimpleData>
		<SimpleData name="mainland100">577.457978923563</SimpleData>
		<SimpleData name="mainland1000">3169.52597973603</SimpleData>
		<SimpleData name="group.1">28</SimpleData>
	</SchemaData></ExtendedData>
      <Point><coordinates>-48.46495090961,-1.29167203615172</coordinates></Point>
  </Placemark>
  <Placemark>
	<ExtendedData><SchemaData schemaUrl="#sel_trees">
		<SimpleData name="treeID">005721</SimpleData>
		<SimpleData name="group">tree</SimpleData>
		<SimpleData name="id">005721</SimpleData>
		<SimpleData name="area_mn_3_100">0.677283992366494</SimpleData>
		<SimpleData name="area_mn_3_500">17.0997688949534</SimpleData>
		<SimpleData name="area_mn_3_1000">10.9673057679667</SimpleData>
		<SimpleData name="clumpy_3_100">0.421259842519685</SimpleData>
		<SimpleData name="clumpy_3_500">0.719842657436475</SimpleData>
		<SimpleData name="clumpy_3_1000">0.902937969273678</SimpleData>
		<SimpleData name="EC_PC_d10_3_100">15584.5081250664</SimpleData>
		<SimpleData name="EC_PC_d10_3_500">677955.100258376</SimpleData>
		<SimpleData name="EC_PC_d10_3_1000">2048643.31633929</SimpleData>
		<SimpleData name="EC_PC_d100_3_100">18053.202387514</SimpleData>
		<SimpleData name="EC_PC_d100_3_500">678702.442480969</SimpleData>
		<SimpleData name="EC_PC_d100_3_1000">2049107.97067659</SimpleData>
		<SimpleData name="EC_PC_d50_3_100">16839.9314914135</SimpleData>
		<SimpleData name="EC_PC_d50_3_500">678048.217797868</SimpleData>
		<SimpleData name="EC_PC_d50_3_1000">2048688.60774952</SimpleData>
		<SimpleData name="ed_3_100">475.123610163544</SimpleData>
		<SimpleData name="ed_3_500">125.715405846744</SimpleData>
		<SimpleData name="ed_3_1000">93.2881177016357</SimpleData>
		<SimpleData name="PCdirect_d10_3_100">0.02625</SimpleData>
		<SimpleData name="PCdirect_d10_3_500">3e-05</SimpleData>
		<SimpleData name="PCdirect_d10_3_1000">1e-05</SimpleData>
		<SimpleData name="PCdirect_d100_3_100">25.49873</SimpleData>
		<SimpleData name="PCdirect_d100_3_500">0.22013</SimpleData>
		<SimpleData name="PCdirect_d100_3_1000">0.0442</SimpleData>
		<SimpleData name="PCdirect_d50_3_100">14.37679</SimpleData>
		<SimpleData name="PCdirect_d50_3_500">0.02608</SimpleData>
		<SimpleData name="PCdirect_d50_3_1000">0.00206</SimpleData>
		<SimpleData name="PCintra_d10_3_100">99.97375</SimpleData>
		<SimpleData name="PCintra_d10_3_500">99.99997</SimpleData>
		<SimpleData name="PCintra_d10_3_1000">99.99999</SimpleData>
		<SimpleData name="PCintra_d100_3_100">74.50127</SimpleData>
		<SimpleData name="PCintra_d100_3_500">99.77987</SimpleData>
		<SimpleData name="PCintra_d100_3_1000">99.95464</SimpleData>
		<SimpleData name="PCintra_d50_3_100">85.62321</SimpleData>
		<SimpleData name="PCintra_d50_3_500">99.97251</SimpleData>
		<SimpleData name="PCintra_d50_3_1000">99.99557</SimpleData>
		<SimpleData name="PCnum_d10_3_100">242876893.500262</SimpleData>
		<SimpleData name="PCnum_d10_3_500">459623117966.345</SimpleData>
		<SimpleData name="PCnum_d10_3_1000">4196939437581.63</SimpleData>
		<SimpleData name="PCnum_d100_3_100">325918116.444539</SimpleData>
		<SimpleData name="PCnum_d100_3_500">460637005429.633</SimpleData>
		<SimpleData name="PCnum_d100_3_1000">4198843475490.33</SimpleData>
		<SimpleData name="PCnum_d50_3_100">283583292.635501</SimpleData>
		<SimpleData name="PCnum_d50_3_500">459749385658.865</SimpleData>
		<SimpleData name="PCnum_d50_3_1000">4197125011522.67</SimpleData>
		<SimpleData name="PCstep_d10_3_100">0</SimpleData>
		<SimpleData name="PCstep_d10_3_500">0</SimpleData>
		<SimpleData name="PCstep_d10_3_1000">0</SimpleData>
		<SimpleData name="PCstep_d100_3_100">0</SimpleData>
		<SimpleData name="PCstep_d100_3_500">0</SimpleData>
		<SimpleData name="PCstep_d100_3_1000">0.00116</SimpleData>
		<SimpleData name="PCstep_d50_3_100">0</SimpleData>
		<SimpleData name="PCstep_d50_3_500">0.00141</SimpleData>
		<SimpleData name="PCstep_d50_3_1000">0.00238</SimpleData>
		<SimpleData name="pd_3_100">96.0887394547326</SimpleData>
		<SimpleData name="pd_3_500">5.09175757901596</SimpleData>
		<SimpleData name="pd_3_1000">6.04951512287233</SimpleData>
		<SimpleData name="pland_3_100">65.0793650793651</SimpleData>
		<SimpleData name="pland_3_500">87.0678778703003</SimpleData>
		<SimpleData name="pland_3_1000">66.3468821004797</SimpleData>
		<SimpleData name="pland_15_100">0</SimpleData>
		<SimpleData name="pland_15_500">0</SimpleData>
		<SimpleData name="pland_15_1000">1.82719010350921</SimpleData>
		<SimpleData name="pland_19_100">0</SimpleData>
		<SimpleData name="pland_19_500">0</SimpleData>
		<SimpleData name="pland_19_1000">0</SimpleData>
		<SimpleData name="pland_21_100">0</SimpleData>
		<SimpleData name="pland_21_500">0</SimpleData>
		<SimpleData name="pland_21_1000">1.17079020449381</SimpleData>
		<SimpleData name="pland_23_100">0</SimpleData>
		<SimpleData name="pland_23_500">3.22987635629574</SimpleData>
		<SimpleData name="pland_23_1000">3.54077253218884</SimpleData>
		<SimpleData name="pland_24_100">34.9206349206349</SimpleData>
		<SimpleData name="pland_24_500">8.69290941206157</SimpleData>
		<SimpleData name="pland_24_1000">8.39434486240848</SimpleData>
		<SimpleData name="pland_25_100">0</SimpleData>
		<SimpleData name="pland_25_500">0</SimpleData>
		<SimpleData name="pland_25_1000">0.568038374147942</SimpleData>
		<SimpleData name="pland_30_100">0</SimpleData>
		<SimpleData name="pland_30_500">0</SimpleData>
		<SimpleData name="pland_30_1000">0</SimpleData>
		<SimpleData name="pland_33_100">0</SimpleData>
		<SimpleData name="pland_33_500">1.00933636134242</SimpleData>
		<SimpleData name="pland_33_1000">18.151981822772</SimpleData>
		<SimpleData name="pland_36_1000">0</SimpleData>
		<SimpleData name="nearest">14.1338314922669</SimpleData>
		<SimpleData name="mainland50">3406.23734376866</SimpleData>
		<SimpleData name="mainland100">3406.23734376866</SimpleData>
		<SimpleData name="mainland1000">3406.23734376866</SimpleData>
		<SimpleData name="group.1">29</SimpleData>
	</SchemaData></ExtendedData>
      <Point><coordinates>-48.4813671253754,-1.32660737806939</coordinates></Point>
  </Placemark>
  <Placemark>
	<ExtendedData><SchemaData schemaUrl="#sel_trees">
		<SimpleData name="treeID">003333</SimpleData>
		<SimpleData name="group">tree</SimpleData>
		<SimpleData name="id">003333</SimpleData>
		<SimpleData name="area_mn_3_100">0.847430946538347</SimpleData>
		<SimpleData name="area_mn_3_500">1.20699716362383</SimpleData>
		<SimpleData name="area_mn_3_1000">2.06233726543272</SimpleData>
		<SimpleData name="clumpy_3_100">0.570469798657718</SimpleData>
		<SimpleData name="clumpy_3_500">0.769842000793966</SimpleData>
		<SimpleData name="clumpy_3_1000">0.803187594768673</SimpleData>
		<SimpleData name="EC_PC_d10_3_100">14600.8479484101</SimpleData>
		<SimpleData name="EC_PC_d10_3_500">112005.134938505</SimpleData>
		<SimpleData name="EC_PC_d10_3_1000">519947.162849586</SimpleData>
		<SimpleData name="EC_PC_d100_3_100">15605.5797601193</SimpleData>
		<SimpleData name="EC_PC_d100_3_500">122030.787088612</SimpleData>
		<SimpleData name="EC_PC_d100_3_1000">536101.427564036</SimpleData>
		<SimpleData name="EC_PC_d50_3_100">15020.6497255961</SimpleData>
		<SimpleData name="EC_PC_d50_3_500">113362.107583728</SimpleData>
		<SimpleData name="EC_PC_d50_3_1000">521957.190758921</SimpleData>
		<SimpleData name="ed_3_100">426.893780610422</SimpleData>
		<SimpleData name="ed_3_500">192.974296653527</SimpleData>
		<SimpleData name="ed_3_1000">192.374337874899</SimpleData>
		<SimpleData name="PCdirect_d10_3_100">0</SimpleData>
		<SimpleData name="PCdirect_d10_3_500">0.00322</SimpleData>
		<SimpleData name="PCdirect_d10_3_1000">0.00241000000000474</SimpleData>
		<SimpleData name="PCdirect_d100_3_100">12.46206</SimpleData>
		<SimpleData name="PCdirect_d100_3_500">15.64309</SimpleData>
		<SimpleData name="PCdirect_d100_3_1000">5.25469</SimpleData>
		<SimpleData name="PCdirect_d50_3_100">5.51155</SimpleData>
		<SimpleData name="PCdirect_d50_3_500">2.20911</SimpleData>
		<SimpleData name="PCdirect_d50_3_1000">0.64601</SimpleData>
		<SimpleData name="PCintra_d10_3_100">100</SimpleData>
		<SimpleData name="PCintra_d10_3_500">99.99678</SimpleData>
		<SimpleData name="PCintra_d10_3_1000">99.99756</SimpleData>
		<SimpleData name="PCintra_d100_3_100">87.53794</SimpleData>
		<SimpleData name="PCintra_d100_3_500">84.24091</SimpleData>
		<SimpleData name="PCintra_d100_3_1000">94.06193</SimpleData>
		<SimpleData name="PCintra_d50_3_100">94.48845</SimpleData>
		<SimpleData name="PCintra_d50_3_500">97.61713</SimpleData>
		<SimpleData name="PCintra_d50_3_1000">99.22887</SimpleData>
		<SimpleData name="PCnum_d10_3_100">213184760.812591</SimpleData>
		<SimpleData name="PCnum_d10_3_500">12545150252.5928</SimpleData>
		<SimpleData name="PCnum_d10_3_1000">270345052155.334</SimpleData>
		<SimpleData name="PCnum_d100_3_100">243534119.649446</SimpleData>
		<SimpleData name="PCnum_d100_3_500">14891512997.4661</SimpleData>
		<SimpleData name="PCnum_d100_3_1000">287404740636.197</SimpleData>
		<SimpleData name="PCnum_d50_3_100">225619918.179051</SimpleData>
		<SimpleData name="PCnum_d50_3_500">12850967435.8246</SimpleData>
		<SimpleData name="PCnum_d50_3_1000">272439308984.945</SimpleData>
		<SimpleData name="PCstep_d10_3_100">0</SimpleData>
		<SimpleData name="PCstep_d10_3_500">0</SimpleData>
		<SimpleData name="PCstep_d10_3_1000">3.0000000004737e-05</SimpleData>
		<SimpleData name="PCstep_d100_3_100">0</SimpleData>
		<SimpleData name="PCstep_d100_3_500">0.116</SimpleData>
		<SimpleData name="PCstep_d100_3_1000">0.68338</SimpleData>
		<SimpleData name="PCstep_d50_3_100">0</SimpleData>
		<SimpleData name="PCstep_d50_3_500">0.17376</SimpleData>
		<SimpleData name="PCstep_d50_3_1000">0.12512</SimpleData>
		<SimpleData name="pd_3_100">63.0582352677652</SimpleData>
		<SimpleData name="pd_3_500">22.938956368659</SimpleData>
		<SimpleData name="pd_3_1000">21.0207388227201</SimpleData>
		<SimpleData name="pland_3_100">53.4375</SimpleData>
		<SimpleData name="pland_3_500">27.6872552734622</SimpleData>
		<SimpleData name="pland_3_1000">43.351853021024</SimpleData>
		<SimpleData name="pland_15_100">24.6875</SimpleData>
		<SimpleData name="pland_15_500">16.2687886825818</SimpleData>
		<SimpleData name="pland_15_1000">11.8126144327293</SimpleData>
		<SimpleData name="pland_19_100">0</SimpleData>
		<SimpleData name="pland_19_500">0</SimpleData>
		<SimpleData name="pland_19_1000">0</SimpleData>
		<SimpleData name="pland_21_100">0.9375</SimpleData>
		<SimpleData name="pland_21_500">36.5542503473538</SimpleData>
		<SimpleData name="pland_21_1000">23.6599532798788</SimpleData>
		<SimpleData name="pland_23_100">0</SimpleData>
		<SimpleData name="pland_23_500">0</SimpleData>
		<SimpleData name="pland_23_1000">0</SimpleData>
		<SimpleData name="pland_24_100">11.25</SimpleData>
		<SimpleData name="pland_24_500">10.3700896804345</SimpleData>
		<SimpleData name="pland_24_1000">17.0907254245849</SimpleData>
		<SimpleData name="pland_25_100">9.6875</SimpleData>
		<SimpleData name="pland_25_500">8.79120879120879</SimpleData>
		<SimpleData name="pland_25_1000">3.87019382536776</SimpleData>
		<SimpleData name="pland_30_100">0</SimpleData>
		<SimpleData name="pland_30_500">0</SimpleData>
		<SimpleData name="pland_30_1000">0</SimpleData>
		<SimpleData name="pland_33_100">0</SimpleData>
		<SimpleData name="pland_33_500">0.328407224958949</SimpleData>
		<SimpleData name="pland_33_1000">0.214660016415178</SimpleData>
		<SimpleData name="pland_36_1000">0</SimpleData>
		<SimpleData name="nearest">6.8202163252612</SimpleData>
		<SimpleData name="mainland50">3240.5123770763</SimpleData>
		<SimpleData name="mainland100">3240.5123770763</SimpleData>
		<SimpleData name="mainland1000">3240.5123770763</SimpleData>
		<SimpleData name="group.1">30</SimpleData>
	</SchemaData></ExtendedData>
      <Point><coordinates>-48.4175758594121,-1.10715589158682</coordinates></Point>
  </Placemark>
  <Placemark>
	<ExtendedData><SchemaData schemaUrl="#sel_trees">
		<SimpleData name="treeID">004051</SimpleData>
		<SimpleData name="group">tree</SimpleData>
		<SimpleData name="id">004051</SimpleData>
		<SimpleData name="area_mn_3_100">1.22902265930708</SimpleData>
		<SimpleData name="area_mn_3_500">4.64104725985579</SimpleData>
		<SimpleData name="area_mn_3_1000">17.6903274980492</SimpleData>
		<SimpleData name="clumpy_3_100">0.802901554404145</SimpleData>
		<SimpleData name="clumpy_3_500">0.901201836299765</SimpleData>
		<SimpleData name="clumpy_3_1000">0.96382582595799</SimpleData>
		<SimpleData name="EC_PC_d10_3_100">0</SimpleData>
		<SimpleData name="EC_PC_d10_3_500">178973.19110951</SimpleData>
		<SimpleData name="EC_PC_d10_3_1000">1054394.42498937</SimpleData>
		<SimpleData name="EC_PC_d100_3_100">0</SimpleData>
		<SimpleData name="EC_PC_d100_3_500">179758.819139884</SimpleData>
		<SimpleData name="EC_PC_d100_3_1000">1054663.9075183</SimpleData>
		<SimpleData name="EC_PC_d50_3_100">0</SimpleData>
		<SimpleData name="EC_PC_d50_3_500">179088.068476274</SimpleData>
		<SimpleData name="EC_PC_d50_3_1000">1054410.20073804</SimpleData>
		<SimpleData name="ed_3_100">250.321830901608</SimpleData>
		<SimpleData name="ed_3_500">78.2610587005956</SimpleData>
		<SimpleData name="ed_3_1000">35.5949522488037</SimpleData>
		<SimpleData name="PCdirect_d10_3_100">0</SimpleData>
		<SimpleData name="PCdirect_d10_3_500">1e-05</SimpleData>
		<SimpleData name="PCdirect_d10_3_1000">0</SimpleData>
		<SimpleData name="PCdirect_d100_3_100">0</SimpleData>
		<SimpleData name="PCdirect_d100_3_500">0.87218</SimpleData>
		<SimpleData name="PCdirect_d100_3_1000">0.05073</SimpleData>
		<SimpleData name="PCdirect_d50_3_100">0</SimpleData>
		<SimpleData name="PCdirect_d50_3_500">0.12785</SimpleData>
		<SimpleData name="PCdirect_d50_3_1000">0.00144</SimpleData>
		<SimpleData name="PCintra_d10_3_100">0</SimpleData>
		<SimpleData name="PCintra_d10_3_500">99.99999</SimpleData>
		<SimpleData name="PCintra_d10_3_1000">100</SimpleData>
		<SimpleData name="PCintra_d100_3_100">0</SimpleData>
		<SimpleData name="PCintra_d100_3_500">99.12781</SimpleData>
		<SimpleData name="PCintra_d100_3_1000">99.9489</SimpleData>
		<SimpleData name="PCintra_d50_3_100">0</SimpleData>
		<SimpleData name="PCintra_d50_3_500">99.87174</SimpleData>
		<SimpleData name="PCintra_d50_3_1000">99.99701</SimpleData>
		<SimpleData name="PCnum_d10_3_100">0</SimpleData>
		<SimpleData name="PCnum_d10_3_500">32031403135.9213</SimpleData>
		<SimpleData name="PCnum_d10_3_1000">1111747603448.66</SimpleData>
		<SimpleData name="PCnum_d100_3_100">0</SimpleData>
		<SimpleData name="PCnum_d100_3_500">32313233058.5656</SimpleData>
		<SimpleData name="PCnum_d100_3_1000">1112315957821.77</SimpleData>
		<SimpleData name="PCnum_d50_3_100">0</SimpleData>
		<SimpleData name="PCnum_d50_3_500">32072536270.5625</SimpleData>
		<SimpleData name="PCnum_d50_3_1000">1111780871420.43</SimpleData>
		<SimpleData name="PCstep_d10_3_100">0</SimpleData>
		<SimpleData name="PCstep_d10_3_500">0</SimpleData>
		<SimpleData name="PCstep_d10_3_1000">0</SimpleData>
		<SimpleData name="PCstep_d100_3_100">0</SimpleData>
		<SimpleData name="PCstep_d100_3_500">1e-05</SimpleData>
		<SimpleData name="PCstep_d100_3_1000">0.00037</SimpleData>
		<SimpleData name="PCstep_d50_3_100">0</SimpleData>
		<SimpleData name="PCstep_d50_3_500">0.00041</SimpleData>
		<SimpleData name="PCstep_d50_3_1000">0.00156</SimpleData>
		<SimpleData name="pd_3_100">31.827500450607</SimpleData>
		<SimpleData name="pd_3_500">5.09625843809306</SimpleData>
		<SimpleData name="pd_3_1000">1.91025263038563</SimpleData>
		<SimpleData name="pland_3_100">39.1167192429022</SimpleData>
		<SimpleData name="pland_3_500">23.6519762596287</SimpleData>
		<SimpleData name="pland_3_1000">33.7929946355317</SimpleData>
		<SimpleData name="pland_15_100">0</SimpleData>
		<SimpleData name="pland_15_500">0.315696426316454</SimpleData>
		<SimpleData name="pland_15_1000">0.0788892395077311</SimpleData>
		<SimpleData name="pland_19_100">0</SimpleData>
		<SimpleData name="pland_19_500">0.0505114282106327</SimpleData>
		<SimpleData name="pland_19_1000">0.012622278321237</SimpleData>
		<SimpleData name="pland_21_100">0</SimpleData>
		<SimpleData name="pland_21_500">1.19964642000253</SimpleData>
		<SimpleData name="pland_21_1000">0.820448090880404</SimpleData>
		<SimpleData name="pland_23_100">47.3186119873817</SimpleData>
		<SimpleData name="pland_23_500">8.59957065286021</SimpleData>
		<SimpleData name="pland_23_1000">4.39255285579047</SimpleData>
		<SimpleData name="pland_24_100">0.315457413249211</SimpleData>
		<SimpleData name="pland_24_500">7.94292208612198</SimpleData>
		<SimpleData name="pland_24_1000">2.03218680971915</SimpleData>
		<SimpleData name="pland_25_100">0</SimpleData>
		<SimpleData name="pland_25_500">0</SimpleData>
		<SimpleData name="pland_25_1000">0.0852003786683496</SimpleData>
		<SimpleData name="pland_30_100">0</SimpleData>
		<SimpleData name="pland_30_500">0</SimpleData>
		<SimpleData name="pland_30_1000">0</SimpleData>
		<SimpleData name="pland_33_100">13.2492113564669</SimpleData>
		<SimpleData name="pland_33_500">58.2396767268595</SimpleData>
		<SimpleData name="pland_33_1000">58.7851057115809</SimpleData>
		<SimpleData name="pland_36_1000">0</SimpleData>
		<SimpleData name="nearest">8.01474354130402</SimpleData>
		<SimpleData name="mainland50">625.869818805516</SimpleData>
		<SimpleData name="mainland100">625.869818805516</SimpleData>
		<SimpleData name="mainland1000">625.869818805516</SimpleData>
		<SimpleData name="group.1">31</SimpleData>
	</SchemaData></ExtendedData>
      <Point><coordinates>-48.4215080961844,-1.40401539540096</coordinates></Point>
  </Placemark>
  <Placemark>
	<ExtendedData><SchemaData schemaUrl="#sel_trees">
		<SimpleData name="treeID">004407</SimpleData>
		<SimpleData name="group">tree</SimpleData>
		<SimpleData name="id">004407</SimpleData>
		<SimpleData name="area_mn_3_100">0.0566369889081602</SimpleData>
		<SimpleData name="area_mn_3_500">0.380960982665866</SimpleData>
		<SimpleData name="area_mn_3_1000">0.427377731397181</SimpleData>
		<SimpleData name="clumpy_3_100">0.658541823257812</SimpleData>
		<SimpleData name="clumpy_3_500">0.769173405420522</SimpleData>
		<SimpleData name="clumpy_3_1000">0.680172634066678</SimpleData>
		<SimpleData name="EC_PC_d10_3_100">2612.77998382977</SimpleData>
		<SimpleData name="EC_PC_d10_3_500">91823.5168684056</SimpleData>
		<SimpleData name="EC_PC_d10_3_1000">141926.325131023</SimpleData>
		<SimpleData name="EC_PC_d100_3_100">3507.15074125233</SimpleData>
		<SimpleData name="EC_PC_d100_3_500">104556.546189712</SimpleData>
		<SimpleData name="EC_PC_d100_3_1000">191731.091811131</SimpleData>
		<SimpleData name="EC_PC_d50_3_100">3203.96979270217</SimpleData>
		<SimpleData name="EC_PC_d50_3_500">94267.9674705838</SimpleData>
		<SimpleData name="EC_PC_d50_3_1000">152299.584504917</SimpleData>
		<SimpleData name="ed_3_100">180.043991822348</SimpleData>
		<SimpleData name="ed_3_500">188.620704203918</SimpleData>
		<SimpleData name="ed_3_1000">220.59548037066</SimpleData>
		<SimpleData name="PCdirect_d10_3_100">2.37859</SimpleData>
		<SimpleData name="PCdirect_d10_3_500">0.0192133333333344</SimpleData>
		<SimpleData name="PCdirect_d10_3_1000">0.04676</SimpleData>
		<SimpleData name="PCdirect_d100_3_100">45.85015</SimpleData>
		<SimpleData name="PCdirect_d100_3_500">22.67974</SimpleData>
		<SimpleData name="PCdirect_d100_3_1000">43.70497</SimpleData>
		<SimpleData name="PCdirect_d50_3_100">35.11725</SimpleData>
		<SimpleData name="PCdirect_d50_3_500">4.61086</SimpleData>
		<SimpleData name="PCdirect_d50_3_1000">12.06489</SimpleData>
		<SimpleData name="PCintra_d10_3_100">97.56643</SimpleData>
		<SimpleData name="PCintra_d10_3_500">99.9798633333333</SimpleData>
		<SimpleData name="PCintra_d10_3_1000">99.95086</SimpleData>
		<SimpleData name="PCintra_d100_3_100">54.14985</SimpleData>
		<SimpleData name="PCintra_d100_3_500">77.11128</SimpleData>
		<SimpleData name="PCintra_d100_3_1000">54.76806</SimpleData>
		<SimpleData name="PCintra_d50_3_100">64.88275</SimpleData>
		<SimpleData name="PCintra_d50_3_500">94.86196</SimpleData>
		<SimpleData name="PCintra_d50_3_1000">86.79906</SimpleData>
		<SimpleData name="PCnum_d10_3_100">6826619.2439015</SimpleData>
		<SimpleData name="PCnum_d10_3_500">8431558250.08237</SimpleData>
		<SimpleData name="PCnum_d10_3_1000">20143081765.1968</SimpleData>
		<SimpleData name="PCnum_d100_3_100">12300106.3218668</SimpleData>
		<SimpleData name="PCnum_d100_3_500">10932071351.1215</SimpleData>
		<SimpleData name="PCnum_d100_3_1000">36760811567.0885</SimpleData>
		<SimpleData name="PCnum_d50_3_100">10265422.432548</SimpleData>
		<SimpleData name="PCnum_d50_3_500">8886449691.03505</SimpleData>
		<SimpleData name="PCnum_d50_3_1000">23195163440.3704</SimpleData>
		<SimpleData name="PCstep_d10_3_100">0.05498</SimpleData>
		<SimpleData name="PCstep_d10_3_500">0.000923333333334391</SimpleData>
		<SimpleData name="PCstep_d10_3_1000">0.00238</SimpleData>
		<SimpleData name="PCstep_d100_3_100">0</SimpleData>
		<SimpleData name="PCstep_d100_3_500">0.208980000000005</SimpleData>
		<SimpleData name="PCstep_d100_3_1000">1.52697</SimpleData>
		<SimpleData name="PCstep_d50_3_100">0</SimpleData>
		<SimpleData name="PCstep_d50_3_500">0.52718</SimpleData>
		<SimpleData name="PCstep_d50_3_1000">1.13605</SimpleData>
		<SimpleData name="pd_3_100">222.091897798418</SimpleData>
		<SimpleData name="pd_3_500">70.0293375006364</SimpleData>
		<SimpleData name="pd_3_1000">50.6264873673309</SimpleData>
		<SimpleData name="pland_3_100">12.5786163522013</SimpleData>
		<SimpleData name="pland_3_500">26.678445229682</SimpleData>
		<SimpleData name="pland_3_1000">21.6366333196579</SimpleData>
		<SimpleData name="pland_15_100">0</SimpleData>
		<SimpleData name="pland_15_500">0</SimpleData>
		<SimpleData name="pland_15_1000">0</SimpleData>
		<SimpleData name="pland_19_100">25.1572327044025</SimpleData>
		<SimpleData name="pland_19_500">2.24634023220596</SimpleData>
		<SimpleData name="pland_19_1000">0.782655347618897</SimpleData>
		<SimpleData name="pland_21_100">0</SimpleData>
		<SimpleData name="pland_21_500">0.340737001514387</SimpleData>
		<SimpleData name="pland_21_1000">0.0852084451036703</SimpleData>
		<SimpleData name="pland_23_100">0</SimpleData>
		<SimpleData name="pland_23_500">0</SimpleData>
		<SimpleData name="pland_23_1000">0</SimpleData>
		<SimpleData name="pland_24_100">3.77358490566038</SimpleData>
		<SimpleData name="pland_24_500">28.3064109035841</SimpleData>
		<SimpleData name="pland_24_1000">32.4801969261842</SimpleData>
		<SimpleData name="pland_25_100">58.4905660377358</SimpleData>
		<SimpleData name="pland_25_500">14.8283695103483</SimpleData>
		<SimpleData name="pland_25_1000">7.29636759554391</SimpleData>
		<SimpleData name="pland_30_100">0</SimpleData>
		<SimpleData name="pland_30_500">0</SimpleData>
		<SimpleData name="pland_30_1000">0</SimpleData>
		<SimpleData name="pland_33_100">0</SimpleData>
		<SimpleData name="pland_33_500">27.5996971226653</SimpleData>
		<SimpleData name="pland_33_1000">37.7189383658914</SimpleData>
		<SimpleData name="pland_36_1000">0</SimpleData>
		<SimpleData name="nearest">5.0165261509657</SimpleData>
		<SimpleData name="mainland50">1585.42649065882</SimpleData>
		<SimpleData name="mainland100">1585.42649065882</SimpleData>
		<SimpleData name="mainland1000">1585.42649065882</SimpleData>
		<SimpleData name="group.1">32</SimpleData>
	</SchemaData></ExtendedData>
      <Point><coordinates>-48.4300327417705,-1.39560906548168</coordinates></Point>
  </Placemark>
  <Placemark>
	<ExtendedData><SchemaData schemaUrl="#sel_trees">
		<SimpleData name="treeID">007854</SimpleData>
		<SimpleData name="group">tree</SimpleData>
		<SimpleData name="id">007854</SimpleData>
		<SimpleData name="area_mn_3_100">2.69592067202843</SimpleData>
		<SimpleData name="area_mn_3_500">13.1624362222855</SimpleData>
		<SimpleData name="area_mn_3_1000">28.5747768289527</SimpleData>
		<SimpleData name="clumpy_3_100">0.621203097081596</SimpleData>
		<SimpleData name="clumpy_3_500">0.687911680995901</SimpleData>
		<SimpleData name="clumpy_3_1000">0.856371581073304</SimpleData>
		<SimpleData name="EC_PC_d10_3_100">0</SimpleData>
		<SimpleData name="EC_PC_d10_3_500">635324.3361965</SimpleData>
		<SimpleData name="EC_PC_d10_3_1000">2558351.86302699</SimpleData>
		<SimpleData name="EC_PC_d100_3_100">0</SimpleData>
		<SimpleData name="EC_PC_d100_3_500">636282.52079431</SimpleData>
		<SimpleData name="EC_PC_d100_3_1000">2558771.1245875</SimpleData>
		<SimpleData name="EC_PC_d50_3_100">0</SimpleData>
		<SimpleData name="EC_PC_d50_3_500">635391.427519775</SimpleData>
		<SimpleData name="EC_PC_d50_3_1000">2558366.85642895</SimpleData>
		<SimpleData name="ed_3_100">154.774659636774</SimpleData>
		<SimpleData name="ed_3_500">160.301727366347</SimpleData>
		<SimpleData name="ed_3_1000">88.8009698642183</SimpleData>
		<SimpleData name="PCdirect_d10_3_100">0</SimpleData>
		<SimpleData name="PCdirect_d10_3_500">0.0003</SimpleData>
		<SimpleData name="PCdirect_d10_3_1000">1e-05</SimpleData>
		<SimpleData name="PCdirect_d100_3_100">0</SimpleData>
		<SimpleData name="PCdirect_d100_3_500">0.30127</SimpleData>
		<SimpleData name="PCdirect_d100_3_1000">0.0309733333333344</SimpleData>
		<SimpleData name="PCdirect_d50_3_100">0</SimpleData>
		<SimpleData name="PCdirect_d50_3_500">0.01471</SimpleData>
		<SimpleData name="PCdirect_d50_3_1000">0.000920000000004737</SimpleData>
		<SimpleData name="PCintra_d10_3_100">0</SimpleData>
		<SimpleData name="PCintra_d10_3_500">99.99969</SimpleData>
		<SimpleData name="PCintra_d10_3_1000">99.99999</SimpleData>
		<SimpleData name="PCintra_d100_3_100">0</SimpleData>
		<SimpleData name="PCintra_d100_3_500">99.69873</SimpleData>
		<SimpleData name="PCintra_d100_3_1000">99.9672233333333</SimpleData>
		<SimpleData name="PCintra_d50_3_100">0</SimpleData>
		<SimpleData name="PCintra_d50_3_500">99.97857</SimpleData>
		<SimpleData name="PCintra_d50_3_1000">99.99882</SimpleData>
		<SimpleData name="PCnum_d10_3_100">0</SimpleData>
		<SimpleData name="PCnum_d10_3_500">403637012163.524</SimpleData>
		<SimpleData name="PCnum_d10_3_1000">6545164255053.65</SimpleData>
		<SimpleData name="PCnum_d100_3_100">0</SimpleData>
		<SimpleData name="PCnum_d100_3_500">404855446268.361</SimpleData>
		<SimpleData name="PCnum_d100_3_1000">6547309668022.76</SimpleData>
		<SimpleData name="PCnum_d50_3_100">0</SimpleData>
		<SimpleData name="PCnum_d50_3_500">403722266165.618</SimpleData>
		<SimpleData name="PCnum_d50_3_1000">6545240972074.13</SimpleData>
		<SimpleData name="PCstep_d10_3_100">0</SimpleData>
		<SimpleData name="PCstep_d10_3_500">1e-05</SimpleData>
		<SimpleData name="PCstep_d10_3_1000">0</SimpleData>
		<SimpleData name="PCstep_d100_3_100">0</SimpleData>
		<SimpleData name="PCstep_d100_3_500">0</SimpleData>
		<SimpleData name="PCstep_d100_3_1000">0.00180333333333439</SimpleData>
		<SimpleData name="PCstep_d50_3_100">0</SimpleData>
		<SimpleData name="PCstep_d50_3_500">0.00672</SimpleData>
		<SimpleData name="PCstep_d50_3_1000">0.000260000000004737</SimpleData>
		<SimpleData name="pd_3_100">31.7274139712026</SimpleData>
		<SimpleData name="pd_3_500">6.37434776523889</SimpleData>
		<SimpleData name="pd_3_1000">2.86601201860244</SimpleData>
		<SimpleData name="pland_3_100">85.5345911949686</SimpleData>
		<SimpleData name="pland_3_500">83.9019459186252</SimpleData>
		<SimpleData name="pland_3_1000">81.8956538206609</SimpleData>
		<SimpleData name="pland_15_100">0</SimpleData>
		<SimpleData name="pland_15_500">3.13368713671974</SimpleData>
		<SimpleData name="pland_15_1000">0.782754158381467</SimpleData>
		<SimpleData name="pland_19_100">0</SimpleData>
		<SimpleData name="pland_19_500">0</SimpleData>
		<SimpleData name="pland_19_1000">0.965817630906164</SimpleData>
		<SimpleData name="pland_21_100">0</SimpleData>
		<SimpleData name="pland_21_500">2.29972201162497</SimpleData>
		<SimpleData name="pland_21_1000">1.45503897989458</SimpleData>
		<SimpleData name="pland_23_100">0</SimpleData>
		<SimpleData name="pland_23_500">0</SimpleData>
		<SimpleData name="pland_23_1000">0</SimpleData>
		<SimpleData name="pland_24_100">14.4654088050314</SimpleData>
		<SimpleData name="pland_24_500">10.6646449330301</SimpleData>
		<SimpleData name="pland_24_1000">5.93693778998201</SimpleData>
		<SimpleData name="pland_25_100">0</SimpleData>
		<SimpleData name="pland_25_500">0</SimpleData>
		<SimpleData name="pland_25_1000">0.419783480099738</SimpleData>
		<SimpleData name="pland_30_100">0</SimpleData>
		<SimpleData name="pland_30_500">0</SimpleData>
		<SimpleData name="pland_30_1000">0</SimpleData>
		<SimpleData name="pland_33_100">0</SimpleData>
		<SimpleData name="pland_33_500">0</SimpleData>
		<SimpleData name="pland_33_1000">8.54401414007512</SimpleData>
		<SimpleData name="pland_36_1000">0</SimpleData>
		<SimpleData name="nearest">10.1673898067556</SimpleData>
		<SimpleData name="mainland50">2587.78306571201</SimpleData>
		<SimpleData name="mainland100">2782.87976651878</SimpleData>
		<SimpleData name="mainland1000">4024.3049309845</SimpleData>
		<SimpleData name="group.1">33</SimpleData>
	</SchemaData></ExtendedData>
      <Point><coordinates>-48.4742165277774,-1.43861899324966</coordinates></Point>
  </Placemark>
  <Placemark>
	<ExtendedData><SchemaData schemaUrl="#sel_trees">
		<SimpleData name="treeID">006091</SimpleData>
		<SimpleData name="group">tree</SimpleData>
		<SimpleData name="id">006091</SimpleData>
		<SimpleData name="area_mn_3_100">0.956457150186555</SimpleData>
		<SimpleData name="area_mn_3_500">64.5236896137959</SimpleData>
		<SimpleData name="area_mn_3_1000">27.297187951654</SimpleData>
		<SimpleData name="clumpy_3_100">0.526181608583843</SimpleData>
		<SimpleData name="clumpy_3_500">0.902259459064077</SimpleData>
		<SimpleData name="clumpy_3_1000">0.867050829185748</SimpleData>
		<SimpleData name="EC_PC_d10_3_100">18737.3984230775</SimpleData>
		<SimpleData name="EC_PC_d10_3_500">645137.789023477</SimpleData>
		<SimpleData name="EC_PC_d10_3_1000">2608340.94738334</SimpleData>
		<SimpleData name="EC_PC_d100_3_100">18942.7762903796</SimpleData>
		<SimpleData name="EC_PC_d100_3_500">645158.058095488</SimpleData>
		<SimpleData name="EC_PC_d100_3_1000">2608776.72070914</SimpleData>
		<SimpleData name="EC_PC_d50_3_100">18847.5300597717</SimpleData>
		<SimpleData name="EC_PC_d50_3_500">645141.934188081</SimpleData>
		<SimpleData name="EC_PC_d50_3_1000">2608402.54447344</SimpleData>
		<SimpleData name="ed_3_100">443.975829364246</SimpleData>
		<SimpleData name="ed_3_500">55.4086407551565</SimpleData>
		<SimpleData name="ed_3_1000">58.1585547064291</SimpleData>
		<SimpleData name="PCdirect_d10_3_100">0.02233</SimpleData>
		<SimpleData name="PCdirect_d10_3_500">0</SimpleData>
		<SimpleData name="PCdirect_d10_3_1000">0.0001</SimpleData>
		<SimpleData name="PCdirect_d100_3_100">2.1785</SimpleData>
		<SimpleData name="PCdirect_d100_3_500">0.00628</SimpleData>
		<SimpleData name="PCdirect_d100_3_1000">0.01609</SimpleData>
		<SimpleData name="PCdirect_d50_3_100">1.18732</SimpleData>
		<SimpleData name="PCdirect_d50_3_500">0.00129</SimpleData>
		<SimpleData name="PCdirect_d50_3_1000">0.00475</SimpleData>
		<SimpleData name="PCintra_d10_3_100">99.97767</SimpleData>
		<SimpleData name="PCintra_d10_3_500">100</SimpleData>
		<SimpleData name="PCintra_d10_3_1000">99.9999</SimpleData>
		<SimpleData name="PCintra_d100_3_100">97.8215</SimpleData>
		<SimpleData name="PCintra_d100_3_500">99.99372</SimpleData>
		<SimpleData name="PCintra_d100_3_1000">99.96649</SimpleData>
		<SimpleData name="PCintra_d50_3_100">98.81268</SimpleData>
		<SimpleData name="PCintra_d50_3_500">99.99871</SimpleData>
		<SimpleData name="PCintra_d50_3_1000">99.99517</SimpleData>
		<SimpleData name="PCnum_d10_3_100">351090099.665149</SimpleData>
		<SimpleData name="PCnum_d10_3_500">416202766826.101</SimpleData>
		<SimpleData name="PCnum_d10_3_1000">6803442497796.63</SimpleData>
		<SimpleData name="PCnum_d100_3_100">358828773.587367</SimpleData>
		<SimpleData name="PCnum_d100_3_500">416228919925.542</SimpleData>
		<SimpleData name="PCnum_d100_3_1000">6805715978513.93</SimpleData>
		<SimpleData name="PCnum_d50_3_100">355229389.353997</SimpleData>
		<SimpleData name="PCnum_d50_3_500">416208115247.938</SimpleData>
		<SimpleData name="PCnum_d50_3_1000">6803763834015.52</SimpleData>
		<SimpleData name="PCstep_d10_3_100">0</SimpleData>
		<SimpleData name="PCstep_d10_3_500">0</SimpleData>
		<SimpleData name="PCstep_d10_3_1000">0</SimpleData>
		<SimpleData name="PCstep_d100_3_100">0</SimpleData>
		<SimpleData name="PCstep_d100_3_500">0</SimpleData>
		<SimpleData name="PCstep_d100_3_1000">0.01742</SimpleData>
		<SimpleData name="PCstep_d50_3_100">0</SimpleData>
		<SimpleData name="PCstep_d50_3_500">0</SimpleData>
		<SimpleData name="PCstep_d50_3_1000">8e-05</SimpleData>
		<SimpleData name="pd_3_100">63.2559099864729</SimpleData>
		<SimpleData name="pd_3_500">1.27358213113042</SimpleData>
		<SimpleData name="pd_3_1000">3.18526208139546</SimpleData>
		<SimpleData name="pland_3_100">60.5015673981191</SimpleData>
		<SimpleData name="pland_3_500">82.1762181267357</SimpleData>
		<SimpleData name="pland_3_1000">86.9486977111287</SimpleData>
		<SimpleData name="pland_15_100">0</SimpleData>
		<SimpleData name="pland_15_500">10.4645291593032</SimpleData>
		<SimpleData name="pland_15_1000">5.57221783741121</SimpleData>
		<SimpleData name="pland_19_100">0</SimpleData>
		<SimpleData name="pland_19_500">0</SimpleData>
		<SimpleData name="pland_19_1000">0.35043409629045</SimpleData>
		<SimpleData name="pland_21_100">0</SimpleData>
		<SimpleData name="pland_21_500">2.6634688210048</SimpleData>
		<SimpleData name="pland_21_1000">2.70876085240726</SimpleData>
		<SimpleData name="pland_23_100">0</SimpleData>
		<SimpleData name="pland_23_500">0</SimpleData>
		<SimpleData name="pland_23_1000">0</SimpleData>
		<SimpleData name="pland_24_100">39.4984326018809</SimpleData>
		<SimpleData name="pland_24_500">4.43069931835395</SimpleData>
		<SimpleData name="pland_24_1000">3.40962904498816</SimpleData>
		<SimpleData name="pland_25_100">0</SimpleData>
		<SimpleData name="pland_25_500">0</SimpleData>
		<SimpleData name="pland_25_1000">0.363062352012628</SimpleData>
		<SimpleData name="pland_30_100">0</SimpleData>
		<SimpleData name="pland_30_500">0</SimpleData>
		<SimpleData name="pland_30_1000">0</SimpleData>
		<SimpleData name="pland_33_100">0</SimpleData>
		<SimpleData name="pland_33_500">0.265084574602373</SimpleData>
		<SimpleData name="pland_33_1000">0.647198105761641</SimpleData>
		<SimpleData name="pland_36_1000">0</SimpleData>
		<SimpleData name="nearest">7.26375349685432</SimpleData>
		<SimpleData name="mainland50">344.666409665714</SimpleData>
		<SimpleData name="mainland100">344.666409665714</SimpleData>
		<SimpleData name="mainland1000">1536.07565676284</SimpleData>
		<SimpleData name="group.1">34</SimpleData>
	</SchemaData></ExtendedData>
      <Point><coordinates>-48.406930848131,-1.38855577410362</coordinates></Point>
  </Placemark>
  <Placemark>
	<ExtendedData><SchemaData schemaUrl="#sel_trees">
		<SimpleData name="treeID">006222</SimpleData>
		<SimpleData name="group">tree</SimpleData>
		<SimpleData name="id">006222</SimpleData>
		<SimpleData name="area_mn_3_100">0.0852386683068286</SimpleData>
		<SimpleData name="area_mn_3_500">0.0886889829850343</SimpleData>
		<SimpleData name="area_mn_3_1000">0.195433457929096</SimpleData>
		<SimpleData name="clumpy_3_100">0.4349376114082</SimpleData>
		<SimpleData name="clumpy_3_500">0.401822680726331</SimpleData>
		<SimpleData name="clumpy_3_1000">0.590611625251876</SimpleData>
		<SimpleData name="EC_PC_d10_3_100">3295.58579164151</SimpleData>
		<SimpleData name="EC_PC_d10_3_500">24958.2791984977</SimpleData>
		<SimpleData name="EC_PC_d10_3_1000">441327.059552231</SimpleData>
		<SimpleData name="EC_PC_d100_3_100">6671.79871321423</SimpleData>
		<SimpleData name="EC_PC_d100_3_500">65577.7689694922</SimpleData>
		<SimpleData name="EC_PC_d100_3_1000">461780.956024842</SimpleData>
		<SimpleData name="EC_PC_d50_3_100">5481.527691274</SimpleData>
		<SimpleData name="EC_PC_d50_3_500">40894.9405170283</SimpleData>
		<SimpleData name="EC_PC_d50_3_1000">445468.003705075</SimpleData>
		<SimpleData name="ed_3_100">475.294615635826</SimpleData>
		<SimpleData name="ed_3_500">438.958156280086</SimpleData>
		<SimpleData name="ed_3_1000">370.825316195362</SimpleData>
		<SimpleData name="PCdirect_d10_3_100">5.61394</SimpleData>
		<SimpleData name="PCdirect_d10_3_500">2.0239</SimpleData>
		<SimpleData name="PCdirect_d10_3_1000">0.01787</SimpleData>
		<SimpleData name="PCdirect_d100_3_100">77.00368</SimpleData>
		<SimpleData name="PCdirect_d100_3_500">85.0695</SimpleData>
		<SimpleData name="PCdirect_d100_3_1000">8.11664</SimpleData>
		<SimpleData name="PCdirect_d50_3_100">65.93245</SimpleData>
		<SimpleData name="PCdirect_d50_3_500">61.11824</SimpleData>
		<SimpleData name="PCdirect_d50_3_1000">1.73999</SimpleData>
		<SimpleData name="PCintra_d10_3_100">94.24946</SimpleData>
		<SimpleData name="PCintra_d10_3_500">97.79482</SimpleData>
		<SimpleData name="PCintra_d10_3_1000">99.98089</SimpleData>
		<SimpleData name="PCintra_d100_3_100">22.99632</SimpleData>
		<SimpleData name="PCintra_d100_3_500">14.1655</SimpleData>
		<SimpleData name="PCintra_d100_3_1000">91.32004</SimpleData>
		<SimpleData name="PCintra_d50_3_100">34.06755</SimpleData>
		<SimpleData name="PCintra_d50_3_500">36.42554</SimpleData>
		<SimpleData name="PCintra_d50_3_1000">98.13074</SimpleData>
		<SimpleData name="PCnum_d10_3_100">10860885.7100694</SimpleData>
		<SimpleData name="PCnum_d10_3_500">622915700.550163</SimpleData>
		<SimpleData name="PCnum_d10_3_1000">194769573493.018</SimpleData>
		<SimpleData name="PCnum_d100_3_100">44512898.0696471</SimpleData>
		<SimpleData name="PCnum_d100_3_500">4300443783.0161</SimpleData>
		<SimpleData name="PCnum_d100_3_1000">213241651347.217</SimpleData>
		<SimpleData name="PCnum_d50_3_100">30047145.8302037</SimpleData>
		<SimpleData name="PCnum_d50_3_500">1672396159.89128</SimpleData>
		<SimpleData name="PCnum_d50_3_1000">198441742324.985</SimpleData>
		<SimpleData name="PCstep_d10_3_100">0.1366</SimpleData>
		<SimpleData name="PCstep_d10_3_500">0.18128</SimpleData>
		<SimpleData name="PCstep_d10_3_1000">0.00124</SimpleData>
		<SimpleData name="PCstep_d100_3_100">0</SimpleData>
		<SimpleData name="PCstep_d100_3_500">0.765</SimpleData>
		<SimpleData name="PCstep_d100_3_1000">0.56332</SimpleData>
		<SimpleData name="PCstep_d50_3_100">0</SimpleData>
		<SimpleData name="PCstep_d50_3_500">2.45622</SimpleData>
		<SimpleData name="PCstep_d50_3_1000">0.12927</SimpleData>
		<SimpleData name="pd_3_100">318.275004505893</SimpleData>
		<SimpleData name="pd_3_500">269.999411799792</SimpleData>
		<SimpleData name="pd_3_1000">176.111633360043</SimpleData>
		<SimpleData name="pland_3_100">27.1293375394322</SimpleData>
		<SimpleData name="pland_3_500">23.945973239081</SimpleData>
		<SimpleData name="pland_3_1000">34.4181054890944</SimpleData>
		<SimpleData name="pland_15_100">0</SimpleData>
		<SimpleData name="pland_15_500">0</SimpleData>
		<SimpleData name="pland_15_1000">0.817524699346612</SimpleData>
		<SimpleData name="pland_19_100">0</SimpleData>
		<SimpleData name="pland_19_500">0</SimpleData>
		<SimpleData name="pland_19_1000">0</SimpleData>
		<SimpleData name="pland_21_100">0</SimpleData>
		<SimpleData name="pland_21_500">0</SimpleData>
		<SimpleData name="pland_21_1000">0.738613048830529</SimpleData>
		<SimpleData name="pland_23_100">0</SimpleData>
		<SimpleData name="pland_23_500">0</SimpleData>
		<SimpleData name="pland_23_1000">0</SimpleData>
		<SimpleData name="pland_24_100">72.8706624605678</SimpleData>
		<SimpleData name="pland_24_500">76.0161575359758</SimpleData>
		<SimpleData name="pland_24_1000">63.4354976168682</SimpleData>
		<SimpleData name="pland_25_100">0</SimpleData>
		<SimpleData name="pland_25_500">0</SimpleData>
		<SimpleData name="pland_25_1000">0</SimpleData>
		<SimpleData name="pland_30_100">0</SimpleData>
		<SimpleData name="pland_30_500">0</SimpleData>
		<SimpleData name="pland_30_1000">0</SimpleData>
		<SimpleData name="pland_33_100">0</SimpleData>
		<SimpleData name="pland_33_500">0.0378692249431962</SimpleData>
		<SimpleData name="pland_33_1000">0.590259145860295</SimpleData>
		<SimpleData name="pland_36_1000">0</SimpleData>
		<SimpleData name="nearest">326.889307110937</SimpleData>
		<SimpleData name="mainland50">412.047818642444</SimpleData>
		<SimpleData name="mainland100">412.047818642444</SimpleData>
		<SimpleData name="mainland1000">412.047818642444</SimpleData>
		<SimpleData name="group.1">35</SimpleData>
	</SchemaData></ExtendedData>
      <Point><coordinates>-48.4752153457199,-1.41685300811694</coordinates></Point>
  </Placemark>
  <Placemark>
	<ExtendedData><SchemaData schemaUrl="#sel_trees">
		<SimpleData name="treeID">009118</SimpleData>
		<SimpleData name="group">tree</SimpleData>
		<SimpleData name="id">009118</SimpleData>
		<SimpleData name="area_mn_3_100">0.541827193888368</SimpleData>
		<SimpleData name="area_mn_3_500">1.76737214335381</SimpleData>
		<SimpleData name="area_mn_3_1000">2.14737190446151</SimpleData>
		<SimpleData name="clumpy_3_100">0.547201662121802</SimpleData>
		<SimpleData name="clumpy_3_500">0.737710707551675</SimpleData>
		<SimpleData name="clumpy_3_1000">0.781912370155863</SimpleData>
		<SimpleData name="EC_PC_d10_3_100">9632.09164027341</SimpleData>
		<SimpleData name="EC_PC_d10_3_500">198412.450600602</SimpleData>
		<SimpleData name="EC_PC_d10_3_1000">630494.941131423</SimpleData>
		<SimpleData name="EC_PC_d100_3_100">13138.3149695001</SimpleData>
		<SimpleData name="EC_PC_d100_3_500">206899.702557979</SimpleData>
		<SimpleData name="EC_PC_d100_3_1000">643836.821401569</SimpleData>
		<SimpleData name="EC_PC_d50_3_100">11481.0991821787</SimpleData>
		<SimpleData name="EC_PC_d50_3_500">199930.113644354</SimpleData>
		<SimpleData name="EC_PC_d50_3_1000">632496.479215251</SimpleData>
		<SimpleData name="ed_3_100">415.090630988619</SimpleData>
		<SimpleData name="ed_3_500">261.569150874677</SimpleData>
		<SimpleData name="ed_3_1000">210.717045903869</SimpleData>
		<SimpleData name="PCdirect_d10_3_100">0.08293</SimpleData>
		<SimpleData name="PCdirect_d10_3_500">0.00312000000000474</SimpleData>
		<SimpleData name="PCdirect_d10_3_1000">0.00288</SimpleData>
		<SimpleData name="PCdirect_d100_3_100">46.29867</SimpleData>
		<SimpleData name="PCdirect_d100_3_500">7.93003</SimpleData>
		<SimpleData name="PCdirect_d100_3_1000">3.80825333333333</SimpleData>
		<SimpleData name="PCdirect_d50_3_100">29.677</SimpleData>
		<SimpleData name="PCdirect_d50_3_500">1.4398</SimpleData>
		<SimpleData name="PCdirect_d50_3_1000">0.52472</SimpleData>
		<SimpleData name="PCintra_d10_3_100">99.91326</SimpleData>
		<SimpleData name="PCintra_d10_3_500">99.9968</SimpleData>
		<SimpleData name="PCintra_d10_3_1000">99.99705</SimpleData>
		<SimpleData name="PCintra_d100_3_100">53.70133</SimpleData>
		<SimpleData name="PCintra_d100_3_500">91.96111</SimpleData>
		<SimpleData name="PCintra_d100_3_1000">95.8956233333333</SimpleData>
		<SimpleData name="PCintra_d50_3_100">70.323</SimpleData>
		<SimpleData name="PCintra_d50_3_500">98.48441</SimpleData>
		<SimpleData name="PCintra_d50_3_1000">99.36517</SimpleData>
		<SimpleData name="PCnum_d10_3_100">92777189.366625</SimpleData>
		<SimpleData name="PCnum_d10_3_500">39367500553.3363</SimpleData>
		<SimpleData name="PCnum_d10_3_1000">397523870792.316</SimpleData>
		<SimpleData name="PCnum_d100_3_100">172615320.237792</SimpleData>
		<SimpleData name="PCnum_d100_3_500">42807486918.5802</SimpleData>
		<SimpleData name="PCnum_d100_3_1000">414525852592.475</SimpleData>
		<SimpleData name="PCnum_d50_3_100">131815638.431025</SimpleData>
		<SimpleData name="PCnum_d50_3_500">39972050341.8442</SimpleData>
		<SimpleData name="PCnum_d50_3_1000">400051796219.689</SimpleData>
		<SimpleData name="PCstep_d10_3_100">0.00381</SimpleData>
		<SimpleData name="PCstep_d10_3_500">8.0000000004737e-05</SimpleData>
		<SimpleData name="PCstep_d10_3_1000">7e-05</SimpleData>
		<SimpleData name="PCstep_d100_3_100">0</SimpleData>
		<SimpleData name="PCstep_d100_3_500">0.10887</SimpleData>
		<SimpleData name="PCstep_d100_3_1000">0.296123333333334</SimpleData>
		<SimpleData name="PCstep_d50_3_100">0</SimpleData>
		<SimpleData name="PCstep_d50_3_500">0.07579</SimpleData>
		<SimpleData name="PCstep_d50_3_1000">0.11011</SimpleData>
		<SimpleData name="pd_3_100">95.4825013517679</SimpleData>
		<SimpleData name="pd_3_500">24.1858485003258</SimpleData>
		<SimpleData name="pd_3_1000">18.4657754270607</SimpleData>
		<SimpleData name="pland_3_100">51.7350157728707</SimpleData>
		<SimpleData name="pland_3_500">42.7453949028514</SimpleData>
		<SimpleData name="pland_3_1000">39.652887346166</SimpleData>
		<SimpleData name="pland_15_100">0</SimpleData>
		<SimpleData name="pland_15_500">0.365884430986626</SimpleData>
		<SimpleData name="pland_15_1000">4.08330703692016</SimpleData>
		<SimpleData name="pland_19_100">0</SimpleData>
		<SimpleData name="pland_19_500">0</SimpleData>
		<SimpleData name="pland_19_1000">0</SimpleData>
		<SimpleData name="pland_21_100">0</SimpleData>
		<SimpleData name="pland_21_500">0</SimpleData>
		<SimpleData name="pland_21_1000">1.55254023351215</SimpleData>
		<SimpleData name="pland_23_100">23.9747634069401</SimpleData>
		<SimpleData name="pland_23_500">9.21019429724956</SimpleData>
		<SimpleData name="pland_23_1000">3.67939413064058</SimpleData>
		<SimpleData name="pland_24_100">23.9747634069401</SimpleData>
		<SimpleData name="pland_24_500">23.6437042644461</SimpleData>
		<SimpleData name="pland_24_1000">19.0754181129694</SimpleData>
		<SimpleData name="pland_25_100">0</SimpleData>
		<SimpleData name="pland_25_500">0.60560181680545</SimpleData>
		<SimpleData name="pland_25_1000">0.299779110129378</SimpleData>
		<SimpleData name="pland_30_100">0</SimpleData>
		<SimpleData name="pland_30_500">1.09765329295988</SimpleData>
		<SimpleData name="pland_30_1000">0.290312401388451</SimpleData>
		<SimpleData name="pland_33_100">0.315457413249211</SimpleData>
		<SimpleData name="pland_33_500">22.331566994701</SimpleData>
		<SimpleData name="pland_33_1000">31.3663616282739</SimpleData>
		<SimpleData name="pland_36_1000">0</SimpleData>
		<SimpleData name="nearest">18.8415972246605</SimpleData>
		<SimpleData name="mainland50">40.3063713279753</SimpleData>
		<SimpleData name="mainland100">40.3063713279753</SimpleData>
		<SimpleData name="mainland1000">40.3063713279753</SimpleData>
		<SimpleData name="group.1">36</SimpleData>
	</SchemaData></ExtendedData>
      <Point><coordinates>-48.4626385085777,-1.46662713318619</coordinates></Point>
  </Placemark>
  <Placemark>
	<ExtendedData><SchemaData schemaUrl="#sel_trees">
		<SimpleData name="treeID">007444</SimpleData>
		<SimpleData name="group">tree</SimpleData>
		<SimpleData name="id">007444</SimpleData>
		<SimpleData name="area_mn_3_100">0.376635976239265</SimpleData>
		<SimpleData name="area_mn_3_500">0.439121349872641</SimpleData>
		<SimpleData name="area_mn_3_1000">0.434485292852164</SimpleData>
		<SimpleData name="clumpy_3_100">0.74503515480449</SimpleData>
		<SimpleData name="clumpy_3_500">0.78886660717456</SimpleData>
		<SimpleData name="clumpy_3_1000">0.688655103405292</SimpleData>
		<SimpleData name="EC_PC_d10_3_100">6534.05921280091</SimpleData>
		<SimpleData name="EC_PC_d10_3_500">89335.8655476265</SimpleData>
		<SimpleData name="EC_PC_d10_3_1000">144147.774496261</SimpleData>
		<SimpleData name="EC_PC_d100_3_100">7097.35571430154</SimpleData>
		<SimpleData name="EC_PC_d100_3_500">101815.62202457</SimpleData>
		<SimpleData name="EC_PC_d100_3_1000">191917.432306117</SimpleData>
		<SimpleData name="EC_PC_d50_3_100">6847.69844020548</SimpleData>
		<SimpleData name="EC_PC_d50_3_500">91656.5898905857</SimpleData>
		<SimpleData name="EC_PC_d50_3_1000">153905.029284016</SimpleData>
		<SimpleData name="ed_3_100">180.043991822343</SimpleData>
		<SimpleData name="ed_3_500">172.627004398797</SimpleData>
		<SimpleData name="ed_3_1000">211.40434012313</SimpleData>
		<SimpleData name="PCdirect_d10_3_100">0</SimpleData>
		<SimpleData name="PCdirect_d10_3_500">0.0137700000000047</SimpleData>
		<SimpleData name="PCdirect_d10_3_1000">0.04048</SimpleData>
		<SimpleData name="PCdirect_d100_3_100">15.24351</SimpleData>
		<SimpleData name="PCdirect_d100_3_500">22.9137</SimpleData>
		<SimpleData name="PCdirect_d100_3_1000">42.1998933333333</SimpleData>
		<SimpleData name="PCdirect_d50_3_100">8.95064</SimpleData>
		<SimpleData name="PCdirect_d50_3_500">4.40871</SimpleData>
		<SimpleData name="PCdirect_d50_3_1000">11.3014</SimpleData>
		<SimpleData name="PCintra_d10_3_100">100</SimpleData>
		<SimpleData name="PCintra_d10_3_500">99.98522</SimpleData>
		<SimpleData name="PCintra_d10_3_1000">99.95713</SimpleData>
		<SimpleData name="PCintra_d100_3_100">84.75649</SimpleData>
		<SimpleData name="PCintra_d100_3_500">76.97659</SimpleData>
		<SimpleData name="PCintra_d100_3_1000">56.3898333333333</SimpleData>
		<SimpleData name="PCintra_d50_3_100">91.04936</SimpleData>
		<SimpleData name="PCintra_d50_3_500">94.98612</SimpleData>
		<SimpleData name="PCintra_d50_3_1000">87.68475</SimpleData>
		<SimpleData name="PCnum_d10_3_100">42693929.7963885</SimpleData>
		<SimpleData name="PCnum_d10_3_500">7980896873.1436</SimpleData>
		<SimpleData name="PCnum_d10_3_1000">20778580892.2249</SimpleData>
		<SimpleData name="PCnum_d100_3_100">50372458.1353287</SimpleData>
		<SimpleData name="PCnum_d100_3_500">10366420888.2501</SimpleData>
		<SimpleData name="PCnum_d100_3_1000">36832300822.9728</SimpleData>
		<SimpleData name="PCnum_d50_3_100">46890973.9279926</SimpleData>
		<SimpleData name="PCnum_d50_3_500">8400930470.37102</SimpleData>
		<SimpleData name="PCnum_d50_3_1000">23686758038.9137</SimpleData>
		<SimpleData name="PCstep_d10_3_100">0</SimpleData>
		<SimpleData name="PCstep_d10_3_500">0.00101000000000474</SimpleData>
		<SimpleData name="PCstep_d10_3_1000">0.00239</SimpleData>
		<SimpleData name="PCstep_d100_3_100">0</SimpleData>
		<SimpleData name="PCstep_d100_3_500">0.10971</SimpleData>
		<SimpleData name="PCstep_d100_3_1000">1.41027333333333</SimpleData>
		<SimpleData name="PCstep_d50_3_100">0</SimpleData>
		<SimpleData name="PCstep_d50_3_500">0.60517</SimpleData>
		<SimpleData name="PCstep_d50_3_1000">1.01385</SimpleData>
		<SimpleData name="pd_3_100">63.4548279424052</SimpleData>
		<SimpleData name="pd_3_500">58.5626008289831</SimpleData>
		<SimpleData name="pd_3_1000">48.7237421675206</SimpleData>
		<SimpleData name="pland_3_100">23.8993710691824</SimpleData>
		<SimpleData name="pland_3_500">25.7160883280757</SimpleData>
		<SimpleData name="pland_3_1000">21.1697493845086</SimpleData>
		<SimpleData name="pland_15_100">0</SimpleData>
		<SimpleData name="pland_15_500">0</SimpleData>
		<SimpleData name="pland_15_1000">0</SimpleData>
		<SimpleData name="pland_19_100">0</SimpleData>
		<SimpleData name="pland_19_500">1.07255520504732</SimpleData>
		<SimpleData name="pland_19_1000">0.782778864970646</SimpleData>
		<SimpleData name="pland_21_100">0</SimpleData>
		<SimpleData name="pland_21_500">0.0126182965299685</SimpleData>
		<SimpleData name="pland_21_1000">0.0852218925572881</SimpleData>
		<SimpleData name="pland_23_100">0</SimpleData>
		<SimpleData name="pland_23_500">0</SimpleData>
		<SimpleData name="pland_23_1000">0</SimpleData>
		<SimpleData name="pland_24_100">6.91823899371069</SimpleData>
		<SimpleData name="pland_24_500">26.6624605678233</SimpleData>
		<SimpleData name="pland_24_1000">31.7404204280033</SimpleData>
		<SimpleData name="pland_25_100">69.1823899371069</SimpleData>
		<SimpleData name="pland_25_500">17.2870662460568</SimpleData>
		<SimpleData name="pland_25_1000">8.38962186730636</SimpleData>
		<SimpleData name="pland_30_100">0</SimpleData>
		<SimpleData name="pland_30_500">0</SimpleData>
		<SimpleData name="pland_30_1000">0</SimpleData>
		<SimpleData name="pland_33_100">0</SimpleData>
		<SimpleData name="pland_33_500">29.2492113564669</SimpleData>
		<SimpleData name="pland_33_1000">37.8322075626539</SimpleData>
		<SimpleData name="pland_36_1000">0</SimpleData>
		<SimpleData name="nearest">4.65149141143256</SimpleData>
		<SimpleData name="mainland50">4577.36440316339</SimpleData>
		<SimpleData name="mainland100">4577.36440316339</SimpleData>
		<SimpleData name="mainland1000">4577.36440316339</SimpleData>
		<SimpleData name="group.1">37</SimpleData>
	</SchemaData></ExtendedData>
      <Point><coordinates>-48.4564144620721,-1.14092516731294</coordinates></Point>
  </Placemark>
  <Placemark>
	<ExtendedData><SchemaData schemaUrl="#sel_trees">
		<SimpleData name="treeID">007694</SimpleData>
		<SimpleData name="group">tree</SimpleData>
		<SimpleData name="id">007694</SimpleData>
		<SimpleData name="area_mn_3_100">0.55834631565792</SimpleData>
		<SimpleData name="area_mn_3_500">1.23315243975163</SimpleData>
		<SimpleData name="area_mn_3_1000">3.085111180816</SimpleData>
		<SimpleData name="clumpy_3_100">0.514326277749097</SimpleData>
		<SimpleData name="clumpy_3_500">0.77487774365973</SimpleData>
		<SimpleData name="clumpy_3_1000">0.838354099169359</SimpleData>
		<SimpleData name="EC_PC_d10_3_100">11106.5460133171</SimpleData>
		<SimpleData name="EC_PC_d10_3_500">156566.938435252</SimpleData>
		<SimpleData name="EC_PC_d10_3_1000">589469.782725744</SimpleData>
		<SimpleData name="EC_PC_d100_3_100">14436.3090457862</SimpleData>
		<SimpleData name="EC_PC_d100_3_500">164381.135022637</SimpleData>
		<SimpleData name="EC_PC_d100_3_1000">604986.010726343</SimpleData>
		<SimpleData name="EC_PC_d50_3_100">13050.2971516133</SimpleData>
		<SimpleData name="EC_PC_d50_3_500">157497.630352794</SimpleData>
		<SimpleData name="EC_PC_d50_3_1000">591664.857678347</SimpleData>
		<SimpleData name="ed_3_100">486.434644570726</SimpleData>
		<SimpleData name="ed_3_500">213.627661930951</SimpleData>
		<SimpleData name="ed_3_1000">163.303747151223</SimpleData>
		<SimpleData name="PCdirect_d10_3_100">0.64994</SimpleData>
		<SimpleData name="PCdirect_d10_3_500">0.00284</SimpleData>
		<SimpleData name="PCdirect_d10_3_1000">0.00045</SimpleData>
		<SimpleData name="PCdirect_d100_3_100">41.29058</SimpleData>
		<SimpleData name="PCdirect_d100_3_500">9.08797</SimpleData>
		<SimpleData name="PCdirect_d100_3_1000">4.11684333333333</SimpleData>
		<SimpleData name="PCdirect_d50_3_100">28.15785</SimpleData>
		<SimpleData name="PCdirect_d50_3_500">0.974273333333334</SimpleData>
		<SimpleData name="PCdirect_d50_3_1000">0.68028</SimpleData>
		<SimpleData name="PCintra_d10_3_100">99.18868</SimpleData>
		<SimpleData name="PCintra_d10_3_500">99.99714</SimpleData>
		<SimpleData name="PCintra_d10_3_1000">99.99954</SimpleData>
		<SimpleData name="PCintra_d100_3_100">58.70942</SimpleData>
		<SimpleData name="PCintra_d100_3_500">90.71597</SimpleData>
		<SimpleData name="PCintra_d100_3_1000">94.9358933333333</SimpleData>
		<SimpleData name="PCintra_d50_3_100">71.84215</SimpleData>
		<SimpleData name="PCintra_d50_3_500">98.8188133333333</SimpleData>
		<SimpleData name="PCintra_d50_3_1000">99.25892</SimpleData>
		<SimpleData name="PCnum_d10_3_100">123355364.345931</SimpleData>
		<SimpleData name="PCnum_d10_3_500">24513206210.9879</SimpleData>
		<SimpleData name="PCnum_d10_3_1000">347474624746.736</SimpleData>
		<SimpleData name="PCnum_d100_3_100">208407018.865448</SimpleData>
		<SimpleData name="PCnum_d100_3_500">27021157551.3305</SimpleData>
		<SimpleData name="PCnum_d100_3_1000">366008073174.574</SimpleData>
		<SimpleData name="PCnum_d50_3_100">170310255.745405</SimpleData>
		<SimpleData name="PCnum_d50_3_500">24805503566.7454</SimpleData>
		<SimpleData name="PCnum_d50_3_1000">350067303811.539</SimpleData>
		<SimpleData name="PCstep_d10_3_100">0.16138</SimpleData>
		<SimpleData name="PCstep_d10_3_500">2e-05</SimpleData>
		<SimpleData name="PCstep_d10_3_1000">1e-05</SimpleData>
		<SimpleData name="PCstep_d100_3_100">0</SimpleData>
		<SimpleData name="PCstep_d100_3_500">0.19606</SimpleData>
		<SimpleData name="PCstep_d100_3_1000">0.947263333333334</SimpleData>
		<SimpleData name="PCstep_d50_3_100">0</SimpleData>
		<SimpleData name="PCstep_d50_3_500">0.206913333333334</SimpleData>
		<SimpleData name="PCstep_d50_3_1000">0.0608</SimpleData>
		<SimpleData name="pd_3_100">95.1822419127598</SimpleData>
		<SimpleData name="pd_3_500">30.5814124056029</SimpleData>
		<SimpleData name="pd_3_1000">14.3300600930114</SimpleData>
		<SimpleData name="pland_3_100">53.1446540880503</SimpleData>
		<SimpleData name="pland_3_500">37.71154331902</SimpleData>
		<SimpleData name="pland_3_1000">44.2098286147145</SimpleData>
		<SimpleData name="pland_15_100">2.83018867924528</SimpleData>
		<SimpleData name="pland_15_500">16.228845668098</SimpleData>
		<SimpleData name="pland_15_1000">8.8249218823975</SimpleData>
		<SimpleData name="pland_19_100">0</SimpleData>
		<SimpleData name="pland_19_500">0</SimpleData>
		<SimpleData name="pland_19_1000">2.61023261686078</SimpleData>
		<SimpleData name="pland_21_100">0</SimpleData>
		<SimpleData name="pland_21_500">25.119979792877</SimpleData>
		<SimpleData name="pland_21_1000">29.3690622731433</SimpleData>
		<SimpleData name="pland_23_100">0</SimpleData>
		<SimpleData name="pland_23_500">0</SimpleData>
		<SimpleData name="pland_23_1000">0</SimpleData>
		<SimpleData name="pland_24_100">44.0251572327044</SimpleData>
		<SimpleData name="pland_24_500">13.0967416014145</SimpleData>
		<SimpleData name="pland_24_1000">6.66603541331313</SimpleData>
		<SimpleData name="pland_25_100">0</SimpleData>
		<SimpleData name="pland_25_500">7.84288961859055</SimpleData>
		<SimpleData name="pland_25_1000">7.46141463876527</SimpleData>
		<SimpleData name="pland_30_100">0</SimpleData>
		<SimpleData name="pland_30_500">0</SimpleData>
		<SimpleData name="pland_30_1000">0.814316826058138</SimpleData>
		<SimpleData name="pland_33_100">0</SimpleData>
		<SimpleData name="pland_33_500">0</SimpleData>
		<SimpleData name="pland_33_1000">0.0441877347473408</SimpleData>
		<SimpleData name="pland_36_1000">0</SimpleData>
		<SimpleData name="nearest">13.2070428006462</SimpleData>
		<SimpleData name="mainland50">63.7400319219076</SimpleData>
		<SimpleData name="mainland100">63.7400319219076</SimpleData>
		<SimpleData name="mainland1000">63.7400319219076</SimpleData>
		<SimpleData name="group.1">38</SimpleData>
	</SchemaData></ExtendedData>
      <Point><coordinates>-48.4366189476411,-1.36669580333561</coordinates></Point>
  </Placemark>
  <Placemark>
	<ExtendedData><SchemaData schemaUrl="#sel_trees">
		<SimpleData name="treeID">008006</SimpleData>
		<SimpleData name="group">tree</SimpleData>
		<SimpleData name="id">008006</SimpleData>
		<SimpleData name="area_mn_3_100">0.114973087484654</SimpleData>
		<SimpleData name="area_mn_3_500">1.15811750588807</SimpleData>
		<SimpleData name="area_mn_3_1000">2.63110278472824</SimpleData>
		<SimpleData name="clumpy_3_100">0.571317829457364</SimpleData>
		<SimpleData name="clumpy_3_500">0.770277680439629</SimpleData>
		<SimpleData name="clumpy_3_1000">0.817613876615728</SimpleData>
		<SimpleData name="EC_PC_d10_3_100">4303.94458594359</SimpleData>
		<SimpleData name="EC_PC_d10_3_500">160264.638007966</SimpleData>
		<SimpleData name="EC_PC_d10_3_1000">763255.395146263</SimpleData>
		<SimpleData name="EC_PC_d100_3_100">5177.03639621619</SimpleData>
		<SimpleData name="EC_PC_d100_3_500">169819.069403167</SimpleData>
		<SimpleData name="EC_PC_d100_3_1000">773424.447343638</SimpleData>
		<SimpleData name="EC_PC_d50_3_100">4837.10253638018</SimpleData>
		<SimpleData name="EC_PC_d50_3_500">161805.511513603</SimpleData>
		<SimpleData name="EC_PC_d50_3_1000">764270.793252457</SimpleData>
		<SimpleData name="ed_3_100">301.972517928522</SimpleData>
		<SimpleData name="ed_3_500">214.32618534389</SimpleData>
		<SimpleData name="ed_3_1000">180.708864057852</SimpleData>
		<SimpleData name="PCdirect_d10_3_100">1.80444</SimpleData>
		<SimpleData name="PCdirect_d10_3_500">0.00445</SimpleData>
		<SimpleData name="PCdirect_d10_3_1000">0.0004</SimpleData>
		<SimpleData name="PCdirect_d100_3_100">32.19126</SimpleData>
		<SimpleData name="PCdirect_d100_3_500">10.52111</SimpleData>
		<SimpleData name="PCdirect_d100_3_1000">2.25993</SimpleData>
		<SimpleData name="PCdirect_d50_3_100">22.32566</SimpleData>
		<SimpleData name="PCdirect_d50_3_500">1.68263</SimpleData>
		<SimpleData name="PCdirect_d50_3_1000">0.23358</SimpleData>
		<SimpleData name="PCintra_d10_3_100">98.11034</SimpleData>
		<SimpleData name="PCintra_d10_3_500">99.99547</SimpleData>
		<SimpleData name="PCintra_d10_3_1000">99.99959</SimpleData>
		<SimpleData name="PCintra_d100_3_100">67.80874</SimpleData>
		<SimpleData name="PCintra_d100_3_500">89.06003</SimpleData>
		<SimpleData name="PCintra_d100_3_1000">97.38727</SimpleData>
		<SimpleData name="PCintra_d50_3_100">77.67434</SimpleData>
		<SimpleData name="PCintra_d50_3_500">98.10003</SimpleData>
		<SimpleData name="PCintra_d50_3_1000">99.73405</SimpleData>
		<SimpleData name="PCnum_d10_3_100">18523938.9988732</SimpleData>
		<SimpleData name="PCnum_d10_3_500">25684754195.8245</SimpleData>
		<SimpleData name="PCnum_d10_3_1000">582558798219.879</SimpleData>
		<SimpleData name="PCnum_d100_3_100">26801705.8477471</SimpleData>
		<SimpleData name="PCnum_d100_3_500">28838516332.9578</SimpleData>
		<SimpleData name="PCnum_d100_3_1000">598185375748.812</SimpleData>
		<SimpleData name="PCnum_d50_3_100">23397560.9474555</SimpleData>
		<SimpleData name="PCnum_d50_3_500">26181023556.1787</SimpleData>
		<SimpleData name="PCnum_d50_3_1000">584109845418.739</SimpleData>
		<SimpleData name="PCstep_d10_3_100">0.08522</SimpleData>
		<SimpleData name="PCstep_d10_3_500">8e-05</SimpleData>
		<SimpleData name="PCstep_d10_3_1000">1e-05</SimpleData>
		<SimpleData name="PCstep_d100_3_100">0</SimpleData>
		<SimpleData name="PCstep_d100_3_500">0.41886</SimpleData>
		<SimpleData name="PCstep_d100_3_1000">0.3528</SimpleData>
		<SimpleData name="PCstep_d50_3_100">0</SimpleData>
		<SimpleData name="PCstep_d50_3_500">0.21734</SimpleData>
		<SimpleData name="PCstep_d50_3_1000">0.03237</SimpleData>
		<SimpleData name="pd_3_100">159.641101942198</SimpleData>
		<SimpleData name="pd_3_500">33.1006004685581</SimpleData>
		<SimpleData name="pd_3_1000">20.0620841302171</SimpleData>
		<SimpleData name="pland_3_100">18.3544303797468</SimpleData>
		<SimpleData name="pland_3_500">38.3343848580442</SimpleData>
		<SimpleData name="pland_3_1000">52.7854054224663</SimpleData>
		<SimpleData name="pland_15_100">0</SimpleData>
		<SimpleData name="pland_15_500">2.22082018927445</SimpleData>
		<SimpleData name="pland_15_1000">2.58498248271944</SimpleData>
		<SimpleData name="pland_19_100">11.0759493670886</SimpleData>
		<SimpleData name="pland_19_500">4.90851735015773</SimpleData>
		<SimpleData name="pland_19_1000">5.24571536786289</SimpleData>
		<SimpleData name="pland_21_100">0</SimpleData>
		<SimpleData name="pland_21_500">12.5930599369085</SimpleData>
		<SimpleData name="pland_21_1000">9.54139443865796</SimpleData>
		<SimpleData name="pland_23_100">0</SimpleData>
		<SimpleData name="pland_23_500">0</SimpleData>
		<SimpleData name="pland_23_1000">0</SimpleData>
		<SimpleData name="pland_24_100">0</SimpleData>
		<SimpleData name="pland_24_500">12.5173501577287</SimpleData>
		<SimpleData name="pland_24_1000">12.1453145219834</SimpleData>
		<SimpleData name="pland_25_100">70.5696202531646</SimpleData>
		<SimpleData name="pland_25_500">29.2492113564669</SimpleData>
		<SimpleData name="pland_25_1000">15.1879556860146</SimpleData>
		<SimpleData name="pland_30_100">0</SimpleData>
		<SimpleData name="pland_30_500">0.0630914826498423</SimpleData>
		<SimpleData name="pland_30_1000">2.45241927847742</SimpleData>
		<SimpleData name="pland_33_100">0</SimpleData>
		<SimpleData name="pland_33_500">0.113564668769716</SimpleData>
		<SimpleData name="pland_33_1000">0.0568128018180097</SimpleData>
		<SimpleData name="pland_36_1000">0</SimpleData>
		<SimpleData name="nearest">15.7684077291753</SimpleData>
		<SimpleData name="mainland50">900.260957294705</SimpleData>
		<SimpleData name="mainland100">900.260957294705</SimpleData>
		<SimpleData name="mainland1000">3459.80511843366</SimpleData>
		<SimpleData name="group.1">39</SimpleData>
	</SchemaData></ExtendedData>
      <Point><coordinates>-48.4281915157951,-1.39655989387478</coordinates></Point>
  </Placemark>
  <Placemark>
	<ExtendedData><SchemaData schemaUrl="#sel_trees">
		<SimpleData name="treeID">009423</SimpleData>
		<SimpleData name="group">tree</SimpleData>
		<SimpleData name="id">009423</SimpleData>
		<SimpleData name="area_mn_3_100">0.163539305472313</SimpleData>
		<SimpleData name="area_mn_3_500">5.09350600499709</SimpleData>
		<SimpleData name="area_mn_3_1000">5.90214826777957</SimpleData>
		<SimpleData name="clumpy_3_100">0.648570933656678</SimpleData>
		<SimpleData name="clumpy_3_500">0.867387645379379</SimpleData>
		<SimpleData name="clumpy_3_1000">0.838486923835225</SimpleData>
		<SimpleData name="EC_PC_d10_3_100">5964.10168715681</SimpleData>
		<SimpleData name="EC_PC_d10_3_500">470490.44551964</SimpleData>
		<SimpleData name="EC_PC_d10_3_1000">1909723.794993</SimpleData>
		<SimpleData name="EC_PC_d100_3_100">6334.64812837439</SimpleData>
		<SimpleData name="EC_PC_d100_3_500">472123.616582744</SimpleData>
		<SimpleData name="EC_PC_d100_3_1000">1912542.01667361</SimpleData>
		<SimpleData name="EC_PC_d50_3_100">6200.9804971977</SimpleData>
		<SimpleData name="EC_PC_d50_3_500">470669.963743387</SimpleData>
		<SimpleData name="EC_PC_d50_3_1000">1910027.69326827</SimpleData>
		<SimpleData name="ed_3_100">294.682661694302</SimpleData>
		<SimpleData name="ed_3_500">112.606601121818</SimpleData>
		<SimpleData name="ed_3_1000">139.720894859427</SimpleData>
		<SimpleData name="PCdirect_d10_3_100">0.1899</SimpleData>
		<SimpleData name="PCdirect_d10_3_500">0.00120000000000474</SimpleData>
		<SimpleData name="PCdirect_d10_3_1000">9e-05</SimpleData>
		<SimpleData name="PCdirect_d100_3_100">11.5252</SimpleData>
		<SimpleData name="PCdirect_d100_3_500">0.68188</SimpleData>
		<SimpleData name="PCdirect_d100_3_1000">0.26162</SimpleData>
		<SimpleData name="PCdirect_d50_3_100">7.66979</SimpleData>
		<SimpleData name="PCdirect_d50_3_500">0.05956</SimpleData>
		<SimpleData name="PCdirect_d50_3_1000">0.02961</SimpleData>
		<SimpleData name="PCintra_d10_3_100">99.8101</SimpleData>
		<SimpleData name="PCintra_d10_3_500">99.99877</SimpleData>
		<SimpleData name="PCintra_d10_3_1000">99.99991</SimpleData>
		<SimpleData name="PCintra_d100_3_100">88.4748</SimpleData>
		<SimpleData name="PCintra_d100_3_500">99.30813</SimpleData>
		<SimpleData name="PCintra_d100_3_1000">99.70542</SimpleData>
		<SimpleData name="PCintra_d50_3_100">92.33021</SimpleData>
		<SimpleData name="PCintra_d50_3_500">99.9225</SimpleData>
		<SimpleData name="PCintra_d50_3_1000">99.96809</SimpleData>
		<SimpleData name="PCnum_d10_3_100">35570508.9347467</SimpleData>
		<SimpleData name="PCnum_d10_3_500">221361259325.27</SimpleData>
		<SimpleData name="PCnum_d10_3_1000">3647044973162.48</SimpleData>
		<SimpleData name="PCnum_d100_3_100">40127766.9103172</SimpleData>
		<SimpleData name="PCnum_d100_3_500">222900709335.169</SimpleData>
		<SimpleData name="PCnum_d100_3_1000">3657816965541.98</SimpleData>
		<SimpleData name="PCnum_d50_3_100">38452159.1266262</SimpleData>
		<SimpleData name="PCnum_d50_3_500">221530214770.201</SimpleData>
		<SimpleData name="PCnum_d50_3_1000">3648205789051.7</SimpleData>
		<SimpleData name="PCstep_d10_3_100">0</SimpleData>
		<SimpleData name="PCstep_d10_3_500">3.0000000004737e-05</SimpleData>
		<SimpleData name="PCstep_d10_3_1000">0</SimpleData>
		<SimpleData name="PCstep_d100_3_100">0</SimpleData>
		<SimpleData name="PCstep_d100_3_500">0.00999</SimpleData>
		<SimpleData name="PCstep_d100_3_1000">0.03296</SimpleData>
		<SimpleData name="PCstep_d50_3_100">0</SimpleData>
		<SimpleData name="PCstep_d50_3_500">0.01794</SimpleData>
		<SimpleData name="PCstep_d50_3_1000">0.0023</SimpleData>
		<SimpleData name="pd_3_100">127.310001802428</SimpleData>
		<SimpleData name="pd_3_500">12.737429166538</SimpleData>
		<SimpleData name="pd_3_1000">11.7828657529305</SimpleData>
		<SimpleData name="pland_3_100">20.820189274448</SimpleData>
		<SimpleData name="pland_3_500">64.8781719479864</SimpleData>
		<SimpleData name="pland_3_1000">69.5442206931381</SimpleData>
		<SimpleData name="pland_15_100">44.1640378548896</SimpleData>
		<SimpleData name="pland_15_500">16.525691200606</SimpleData>
		<SimpleData name="pland_15_1000">5.31847736885298</SimpleData>
		<SimpleData name="pland_19_100">0</SimpleData>
		<SimpleData name="pland_19_500">0</SimpleData>
		<SimpleData name="pland_19_1000">0</SimpleData>
		<SimpleData name="pland_21_100">22.397476340694</SimpleData>
		<SimpleData name="pland_21_500">6.62795101628582</SimpleData>
		<SimpleData name="pland_21_1000">4.36841108515877</SimpleData>
		<SimpleData name="pland_23_100">0</SimpleData>
		<SimpleData name="pland_23_500">0</SimpleData>
		<SimpleData name="pland_23_1000">3.10902089514551</SimpleData>
		<SimpleData name="pland_24_100">3.78548895899054</SimpleData>
		<SimpleData name="pland_24_500">11.0718343643479</SimpleData>
		<SimpleData name="pland_24_1000">12.9063821728426</SimpleData>
		<SimpleData name="pland_25_100">8.83280757097792</SimpleData>
		<SimpleData name="pland_25_500">0.353490720868577</SimpleData>
		<SimpleData name="pland_25_1000">0.665993308503251</SimpleData>
		<SimpleData name="pland_30_100">0</SimpleData>
		<SimpleData name="pland_30_500">0</SimpleData>
		<SimpleData name="pland_30_1000">0.290385707972981</SimpleData>
		<SimpleData name="pland_33_100">0</SimpleData>
		<SimpleData name="pland_33_500">0.542860749905315</SimpleData>
		<SimpleData name="pland_33_1000">3.79710876838583</SimpleData>
		<SimpleData name="pland_36_1000">0</SimpleData>
		<SimpleData name="nearest">9.82382185475981</SimpleData>
		<SimpleData name="mainland50">205.939566774049</SimpleData>
		<SimpleData name="mainland100">206.627611482345</SimpleData>
		<SimpleData name="mainland1000">2491.83429615</SimpleData>
		<SimpleData name="group.1">40</SimpleData>
	</SchemaData></ExtendedData>
      <Point><coordinates>-48.3847597670314,-1.09656233049159</coordinates></Point>
  </Placemark>
</Folder>
</Document></kml>
